episode_reward_max,episode_reward_min,episode_reward_mean,episode_len_mean,episodes_this_iter,num_healthy_workers,timesteps_total,done,episodes_total,training_iteration,experiment_id,date,timestamp,time_this_iter_s,time_total_s,pid,hostname,node_ip,time_since_restore,timesteps_since_restore,iterations_since_restore,trial_id,hist_stats/episode_reward,hist_stats/episode_lengths,sampler_perf/mean_raw_obs_processing_ms,sampler_perf/mean_inference_ms,sampler_perf/mean_action_processing_ms,sampler_perf/mean_env_wait_ms,sampler_perf/mean_env_render_ms,timers/sample_time_ms,timers/sample_throughput,timers/learn_time_ms,timers/learn_throughput,timers/update_time_ms,info/num_steps_sampled,info/num_steps_trained,perf/cpu_util_percent,perf/ram_util_percent,info/learner/default_policy/allreduce_latency,info/learner/default_policy/cur_kl_coeff,info/learner/default_policy/cur_lr,info/learner/default_policy/total_loss,info/learner/default_policy/policy_loss,info/learner/default_policy/vf_loss,info/learner/default_policy/vf_explained_var,info/learner/default_policy/kl,info/learner/default_policy/entropy,info/learner/default_policy/entropy_coeff
0.893481242097186,-0.2979373747641043,-0.019971607635243055,1000.0,8,8,9600,False,8,1,11f469d083ed45cca9d4d5f6be76b19b,2021-04-09_12-26-01,1617996361,5.587257623672485,5.587257623672485,7723,4650286b7eb1,172.17.0.2,5.587257623672485,0,1,3d0f1_00003,"[-0.16471900510384818, 0.11086260997700892, -0.2979373747641043, -0.17524424993104137, -0.21011635500811088, -0.050441941434560156, -0.2656577869144745, 0.893481242097186]","[1000, 1000, 1000, 1000, 1000, 1000, 1000, 1000]",0.16577875584388752,0.8687629588537669,0.03648146701593581,0.868063634083134,0.0,3008.424,3191.039,2573.632,3730.136,1.508,9600,9600,46.150000000000006,79.175,0.0,1.0,0.0026710254461175718,-0.0020679401606321333,-0.026238360702991487,0.0048711620612690845,0.19818984,0.019299257745345435,-3.298943926493327,0.0
0.893481242097186,-0.5170154893436836,-0.010591780900934544,1000.0,8,8,19200,False,16,2,11f469d083ed45cca9d4d5f6be76b19b,2021-04-09_12-26-06,1617996366,5.476544141769409,11.063801765441895,7723,4650286b7eb1,172.17.0.2,11.063801765441895,0,2,3d0f1_00003,"[-0.5170154893436836, 0.6741833493449465, -0.5087253712622144, 0.21109943862140557, -0.4546611756557202, -0.1275641273479997, 0.16675708421190993, 0.5462306580983476, -0.16471900510384818, 0.11086260997700892, -0.2979373747641043, -0.17524424993104137, -0.21011635500811088, -0.050441941434560156, -0.2656577869144745, 0.893481242097186]","[1000, 1000, 1000, 1000, 1000, 1000, 1000, 1000, 1000, 1000, 1000, 1000, 1000, 1000, 1000, 1000]",0.17441055981734796,0.9000591263601565,0.03776464948039356,0.8838925547436598,0.0,3001.569,3198.327,2524.732,3802.384,1.445,19200,19200,42.6125,79.3625,0.0,1.0,0.0026710254461175718,-0.010151847222199042,-0.023071414257089296,0.003289383631199598,0.2210335,0.009630183124293883,-3.2786752541859943,0.0
0.893481242097186,-0.5284570643006881,-0.11134678528349708,1000.0,8,8,28800,False,24,3,11f469d083ed45cca9d4d5f6be76b19b,2021-04-09_12-26-12,1617996372,5.589159965515137,16.65296173095703,7723,4650286b7eb1,172.17.0.2,16.65296173095703,0,3,3d0f1_00003,"[-0.39100939589379213, -0.37194544956863174, -0.5284570643006881, -0.12649551936412473, -0.06249218976843596, -0.3511754172583091, -0.35768536091412517, -0.31359395532087, -0.16471900510384818, 0.11086260997700892, -0.2979373747641043, -0.17524424993104137, -0.21011635500811088, -0.050441941434560156, -0.2656577869144745, 0.893481242097186, -0.5170154893436836, 0.6741833493449465, -0.5087253712622144, 0.21109943862140557, -0.4546611756557202, -0.1275641273479997, 0.16675708421190993, 0.5462306580983476]","[1000, 1000, 1000, 1000, 1000, 1000, 1000, 1000, 1000, 1000, 1000, 1000, 1000, 1000, 1000, 1000, 1000, 1000, 1000, 1000, 1000, 1000, 1000, 1000]",0.18015743569497034,0.927833106278248,0.03890630746090973,0.9033405440756767,0.0,3056.502,3140.845,2488.295,3858.063,1.458,28800,28800,46.2125,79.5125,0.0,1.0,0.0026710254461175718,-0.006775223861138026,-0.01729555118829012,0.002421462327862779,0.32557893,0.008098864791293939,-3.2761795330047607,0.0
0.893481242097186,-0.575787571258236,-0.16570787876059756,1000.0,8,8,38400,False,32,4,11f469d083ed45cca9d4d5f6be76b19b,2021-04-09_12-26-18,1617996378,5.540812015533447,22.19377374649048,7723,4650286b7eb1,172.17.0.2,22.19377374649048,0,4,3d0f1_00003,"[-0.18837129820401266, -0.24779364703788176, -0.575787571258236, 0.25278322514065277, -0.37932339603061727, -0.5171920495199667, -0.5339385807216402, -0.4407059559034907, -0.16471900510384818, 0.11086260997700892, -0.2979373747641043, -0.17524424993104137, -0.21011635500811088, -0.050441941434560156, -0.2656577869144745, 0.893481242097186, -0.5170154893436836, 0.6741833493449465, -0.5087253712622144, 0.21109943862140557, -0.4546611756557202, -0.1275641273479997, 0.16675708421190993, 0.5462306580983476, -0.39100939589379213, -0.37194544956863174, -0.5284570643006881, -0.12649551936412473, -0.06249218976843596, -0.3511754172583091, -0.35768536091412517, -0.31359395532087]","[1000, 1000, 1000, 1000, 1000, 1000, 1000, 1000, 1000, 1000, 1000, 1000, 1000, 1000, 1000, 1000, 1000, 1000, 1000, 1000, 1000, 1000, 1000, 1000, 1000, 1000, 1000, 1000, 1000, 1000, 1000, 1000]",0.18455531878136855,0.9448365436876923,0.039618310595693006,0.9148671065490543,0.0,3043.702,3154.054,2498.391,3842.473,1.462,38400,38400,47.7875,79.475,0.0,1.0,0.0026710254461175718,-0.010025856923311949,-0.02078148261954387,0.0023008706839755177,0.37537688,0.008454755283892154,-3.272911157608032,0.0
0.893481242097186,-0.575787571258236,-0.19236083615330027,1000.0,16,8,48000,False,48,5,11f469d083ed45cca9d4d5f6be76b19b,2021-04-09_12-26-23,1617996383,5.490663290023804,27.684437036514282,7723,4650286b7eb1,172.17.0.2,27.684437036514282,0,5,3d0f1_00003,"[-0.46045978743391214, -0.38208746807840643, -0.030196451840504346, -0.4395806542741026, -0.09765455045611837, -0.12311717006767087, -0.42188997126078454, 0.020371652348915692, -0.24347287459546696, -0.1117540525461016, -0.307058631758109, -0.3726979958499053, -0.3819116856636925, -0.011404411415870563, -0.17769214199413985, -0.3900618201334224, -0.16471900510384818, 0.11086260997700892, -0.2979373747641043, -0.17524424993104137, -0.21011635500811088, -0.050441941434560156, -0.2656577869144745, 0.893481242097186, -0.5170154893436836, 0.6741833493449465, -0.5087253712622144, 0.21109943862140557, -0.4546611756557202, -0.1275641273479997, 0.16675708421190993, 0.5462306580983476, -0.39100939589379213, -0.37194544956863174, -0.5284570643006881, -0.12649551936412473, -0.06249218976843596, -0.3511754172583091, -0.35768536091412517, -0.31359395532087, -0.18837129820401266, -0.24779364703788176, -0.575787571258236, 0.25278322514065277, -0.37932339603061727, -0.5171920495199667, -0.5339385807216402, -0.4407059559034907]","[1000, 1000, 1000, 1000, 1000, 1000, 1000, 1000, 1000, 1000, 1000, 1000, 1000, 1000, 1000, 1000, 1000, 1000, 1000, 1000, 1000, 1000, 1000, 1000, 1000, 1000, 1000, 1000, 1000, 1000, 1000, 1000, 1000, 1000, 1000, 1000, 1000, 1000, 1000, 1000, 1000, 1000, 1000, 1000, 1000, 1000, 1000, 1000]",0.1922955346222064,0.9575761868016297,0.04011465869365862,0.9198185588141667,0.0,3020.027,3178.78,2510.528,3823.897,1.464,48000,48000,46.550000000000004,79.375,0.0,1.0,0.0026710254461175718,-0.01245678065965573,-0.025344111695885657,0.0024305700495218237,0.47398522,0.010456760078668595,-3.2907234160105387,0.0
0.893481242097186,-0.582543003581992,-0.20357324043191977,1000.0,8,8,57600,False,56,6,11f469d083ed45cca9d4d5f6be76b19b,2021-04-09_12-26-28,1617996388,5.013918161392212,32.698355197906494,7723,4650286b7eb1,172.17.0.2,32.698355197906494,0,6,3d0f1_00003,"[-0.2055822999990189, -0.4107593889967668, -0.08123172829350789, -0.1379964280810605, -0.19112456280992907, -0.582543003581992, -0.4466937169544097, -0.11085020011240854, -0.16471900510384818, 0.11086260997700892, -0.2979373747641043, -0.17524424993104137, -0.21011635500811088, -0.050441941434560156, -0.2656577869144745, 0.893481242097186, -0.5170154893436836, 0.6741833493449465, -0.5087253712622144, 0.21109943862140557, -0.4546611756557202, -0.1275641273479997, 0.16675708421190993, 0.5462306580983476, -0.39100939589379213, -0.37194544956863174, -0.5284570643006881, -0.12649551936412473, -0.06249218976843596, -0.3511754172583091, -0.35768536091412517, -0.31359395532087, -0.18837129820401266, -0.24779364703788176, -0.575787571258236, 0.25278322514065277, -0.37932339603061727, -0.5171920495199667, -0.5339385807216402, -0.4407059559034907, -0.46045978743391214, -0.38208746807840643, -0.030196451840504346, -0.4395806542741026, -0.09765455045611837, -0.12311717006767087, -0.42188997126078454, 0.020371652348915692, -0.24347287459546696, -0.1117540525461016, -0.307058631758109, -0.3726979958499053, -0.3819116856636925, -0.011404411415870563, -0.17769214199413985, -0.3900618201334224]","[1000, 1000, 1000, 1000, 1000, 1000, 1000, 1000, 1000, 1000, 1000, 1000, 1000, 1000, 1000, 1000, 1000, 1000, 1000, 1000, 1000, 1000, 1000, 1000, 1000, 1000, 1000, 1000, 1000, 1000, 1000, 1000, 1000, 1000, 1000, 1000, 1000, 1000, 1000, 1000, 1000, 1000, 1000, 1000, 1000, 1000, 1000, 1000, 1000, 1000, 1000, 1000, 1000, 1000, 1000, 1000]",0.19341007364239865,0.9582533710739309,0.04013570776797846,0.9179281976088334,0.0,2927.376,3279.388,2516.138,3815.371,1.445,57600,57600,42.528571428571425,79.47142857142856,0.0,1.0,0.0026710254461175718,-0.013763388643662135,-0.02566915061324835,0.002596940662090977,0.44789505,0.009308820112297932,-3.289976053237915,0.0
0.893481242097186,-0.582543003581992,-0.19391114320465544,1000.0,8,8,67200,False,64,7,11f469d083ed45cca9d4d5f6be76b19b,2021-04-09_12-26-33,1617996393,5.290521860122681,37.988877058029175,7723,4650286b7eb1,172.17.0.2,37.988877058029175,0,7,3d0f1_00003,"[-0.406293242646488, 0.37307585125105214, -0.1335114841333046, 0.23822316082804917, -0.39182404476679666, -0.48568786312419227, -0.03876771883013497, -0.1654263594886266, -0.16471900510384818, 0.11086260997700892, -0.2979373747641043, -0.17524424993104137, -0.21011635500811088, -0.050441941434560156, -0.2656577869144745, 0.893481242097186, -0.5170154893436836, 0.6741833493449465, -0.5087253712622144, 0.21109943862140557, -0.4546611756557202, -0.1275641273479997, 0.16675708421190993, 0.5462306580983476, -0.39100939589379213, -0.37194544956863174, -0.5284570643006881, -0.12649551936412473, -0.06249218976843596, -0.3511754172583091, -0.35768536091412517, -0.31359395532087, -0.18837129820401266, -0.24779364703788176, -0.575787571258236, 0.25278322514065277, -0.37932339603061727, -0.5171920495199667, -0.5339385807216402, -0.4407059559034907, -0.46045978743391214, -0.38208746807840643, -0.030196451840504346, -0.4395806542741026, -0.09765455045611837, -0.12311717006767087, -0.42188997126078454, 0.020371652348915692, -0.24347287459546696, -0.1117540525461016, -0.307058631758109, -0.3726979958499053, -0.3819116856636925, -0.011404411415870563, -0.17769214199413985, -0.3900618201334224, -0.2055822999990189, -0.4107593889967668, -0.08123172829350789, -0.1379964280810605, -0.19112456280992907, -0.582543003581992, -0.4466937169544097, -0.11085020011240854]","[1000, 1000, 1000, 1000, 1000, 1000, 1000, 1000, 1000, 1000, 1000, 1000, 1000, 1000, 1000, 1000, 1000, 1000, 1000, 1000, 1000, 1000, 1000, 1000, 1000, 1000, 1000, 1000, 1000, 1000, 1000, 1000, 1000, 1000, 1000, 1000, 1000, 1000, 1000, 1000, 1000, 1000, 1000, 1000, 1000, 1000, 1000, 1000, 1000, 1000, 1000, 1000, 1000, 1000, 1000, 1000, 1000, 1000, 1000, 1000, 1000, 1000, 1000, 1000]",0.19379539967453352,0.9587295974872923,0.04015112504294009,0.9162891130792188,0.0,2911.456,3297.319,2509.271,3825.813,1.496,67200,67200,42.3,79.525,0.0,1.0,0.0026710254461175718,-0.011717169359326363,-0.02488571179409822,0.0029230653463552395,0.51491666,0.01024547675003608,-3.3084533405303955,0.0
0.893481242097186,-0.6617860915459899,-0.17382875879433868,1000.0,8,8,76800,False,72,8,11f469d083ed45cca9d4d5f6be76b19b,2021-04-09_12-26-39,1617996399,5.404919862747192,43.39379692077637,7723,4650286b7eb1,172.17.0.2,43.39379692077637,0,8,3d0f1_00003,"[0.11129053551261436, 0.7453529096435925, -0.43829809096253664, 0.4943803990055111, -0.3303761690079826, -0.6617860915459899, -0.1031823783289123, 0.07726141758926608, -0.16471900510384818, 0.11086260997700892, -0.2979373747641043, -0.17524424993104137, -0.21011635500811088, -0.050441941434560156, -0.2656577869144745, 0.893481242097186, -0.5170154893436836, 0.6741833493449465, -0.5087253712622144, 0.21109943862140557, -0.4546611756557202, -0.1275641273479997, 0.16675708421190993, 0.5462306580983476, -0.39100939589379213, -0.37194544956863174, -0.5284570643006881, -0.12649551936412473, -0.06249218976843596, -0.3511754172583091, -0.35768536091412517, -0.31359395532087, -0.18837129820401266, -0.24779364703788176, -0.575787571258236, 0.25278322514065277, -0.37932339603061727, -0.5171920495199667, -0.5339385807216402, -0.4407059559034907, -0.46045978743391214, -0.38208746807840643, -0.030196451840504346, -0.4395806542741026, -0.09765455045611837, -0.12311717006767087, -0.42188997126078454, 0.020371652348915692, -0.24347287459546696, -0.1117540525461016, -0.307058631758109, -0.3726979958499053, -0.3819116856636925, -0.011404411415870563, -0.17769214199413985, -0.3900618201334224, -0.2055822999990189, -0.4107593889967668, -0.08123172829350789, -0.1379964280810605, -0.19112456280992907, -0.582543003581992, -0.4466937169544097, -0.11085020011240854, -0.406293242646488, 0.37307585125105214, -0.1335114841333046, 0.23822316082804917, -0.39182404476679666, -0.48568786312419227, -0.03876771883013497, -0.1654263594886266]","[1000, 1000, 1000, 1000, 1000, 1000, 1000, 1000, 1000, 1000, 1000, 1000, 1000, 1000, 1000, 1000, 1000, 1000, 1000, 1000, 1000, 1000, 1000, 1000, 1000, 1000, 1000, 1000, 1000, 1000, 1000, 1000, 1000, 1000, 1000, 1000, 1000, 1000, 1000, 1000, 1000, 1000, 1000, 1000, 1000, 1000, 1000, 1000, 1000, 1000, 1000, 1000, 1000, 1000, 1000, 1000, 1000, 1000, 1000, 1000, 1000, 1000, 1000, 1000, 1000, 1000, 1000, 1000, 1000, 1000, 1000, 1000]",0.19417030575306374,0.9602242374157561,0.04021059417026134,0.9160857535434543,0.0,2924.645,3282.45,2493.286,3850.341,1.52,76800,76800,44.4375,79.39999999999999,0.0,1.0,0.0026710254461175718,-0.014619588268299897,-0.029175770804286003,0.003064489038661122,0.57015145,0.01149169459939003,-3.31626895904541,0.0
0.893481242097186,-0.6617860915459899,-0.16880228315356116,1000.0,8,8,86400,False,80,9,11f469d083ed45cca9d4d5f6be76b19b,2021-04-09_12-26-45,1617996405,5.739832639694214,49.13362956047058,7723,4650286b7eb1,172.17.0.2,49.13362956047058,0,9,3d0f1_00003,"[-0.0620810672095754, -0.18835619065125153, -0.14929601768852685, -0.5283667118655263, -0.2028997901556744, -0.2668231639486365, -0.40966626060426736, 0.81897718303095, -0.16471900510384818, 0.11086260997700892, -0.2979373747641043, -0.17524424993104137, -0.21011635500811088, -0.050441941434560156, -0.2656577869144745, 0.893481242097186, -0.5170154893436836, 0.6741833493449465, -0.5087253712622144, 0.21109943862140557, -0.4546611756557202, -0.1275641273479997, 0.16675708421190993, 0.5462306580983476, -0.39100939589379213, -0.37194544956863174, -0.5284570643006881, -0.12649551936412473, -0.06249218976843596, -0.3511754172583091, -0.35768536091412517, -0.31359395532087, -0.18837129820401266, -0.24779364703788176, -0.575787571258236, 0.25278322514065277, -0.37932339603061727, -0.5171920495199667, -0.5339385807216402, -0.4407059559034907, -0.46045978743391214, -0.38208746807840643, -0.030196451840504346, -0.4395806542741026, -0.09765455045611837, -0.12311717006767087, -0.42188997126078454, 0.020371652348915692, -0.24347287459546696, -0.1117540525461016, -0.307058631758109, -0.3726979958499053, -0.3819116856636925, -0.011404411415870563, -0.17769214199413985, -0.3900618201334224, -0.2055822999990189, -0.4107593889967668, -0.08123172829350789, -0.1379964280810605, -0.19112456280992907, -0.582543003581992, -0.4466937169544097, -0.11085020011240854, -0.406293242646488, 0.37307585125105214, -0.1335114841333046, 0.23822316082804917, -0.39182404476679666, -0.48568786312419227, -0.03876771883013497, -0.1654263594886266, 0.11129053551261436, 0.7453529096435925, -0.43829809096253664, 0.4943803990055111, -0.3303761690079826, -0.6617860915459899, -0.1031823783289123, 0.07726141758926608]","[1000, 1000, 1000, 1000, 1000, 1000, 1000, 1000, 1000, 1000, 1000, 1000, 1000, 1000, 1000, 1000, 1000, 1000, 1000, 1000, 1000, 1000, 1000, 1000, 1000, 1000, 1000, 1000, 1000, 1000, 1000, 1000, 1000, 1000, 1000, 1000, 1000, 1000, 1000, 1000, 1000, 1000, 1000, 1000, 1000, 1000, 1000, 1000, 1000, 1000, 1000, 1000, 1000, 1000, 1000, 1000, 1000, 1000, 1000, 1000, 1000, 1000, 1000, 1000, 1000, 1000, 1000, 1000, 1000, 1000, 1000, 1000, 1000, 1000, 1000, 1000, 1000, 1000, 1000, 1000]",0.19457020625033544,0.9616247386130059,0.040274755764369896,0.9160983158058318,0.0,2917.642,3290.328,2535.286,3786.555,1.528,86400,86400,52.962500000000006,74.875,0.0,1.0,0.0026710254461175718,-0.01291493384167552,-0.025695670284330844,0.002687981173706551,0.60976136,0.010092753985275826,-3.3189456049601236,0.0
0.893481242097186,-0.664149058179107,-0.1621975400232846,1000.0,16,8,96000,False,96,10,11f469d083ed45cca9d4d5f6be76b19b,2021-04-09_12-26-51,1617996411,6.088395118713379,55.22202467918396,7723,4650286b7eb1,172.17.0.2,55.22202467918396,0,10,3d0f1_00003,"[-0.045405379216985176, -0.39572971834079895, -0.16213055188414305, -0.2926539876491262, -0.3005016206820149, -0.372474054286514, 0.8026825377205009, -0.2677911494494265, 0.16036811113585858, 0.19046207480929533, -0.312310946576849, -0.21112810605949417, -0.03418347702543156, 0.13873157997922836, -0.664149058179107, -0.30056744424542114, -0.16471900510384818, 0.11086260997700892, -0.2979373747641043, -0.17524424993104137, -0.21011635500811088, -0.050441941434560156, -0.2656577869144745, 0.893481242097186, -0.5170154893436836, 0.6741833493449465, -0.5087253712622144, 0.21109943862140557, -0.4546611756557202, -0.1275641273479997, 0.16675708421190993, 0.5462306580983476, -0.39100939589379213, -0.37194544956863174, -0.5284570643006881, -0.12649551936412473, -0.06249218976843596, -0.3511754172583091, -0.35768536091412517, -0.31359395532087, -0.18837129820401266, -0.24779364703788176, -0.575787571258236, 0.25278322514065277, -0.37932339603061727, -0.5171920495199667, -0.5339385807216402, -0.4407059559034907, -0.46045978743391214, -0.38208746807840643, -0.030196451840504346, -0.4395806542741026, -0.09765455045611837, -0.12311717006767087, -0.42188997126078454, 0.020371652348915692, -0.24347287459546696, -0.1117540525461016, -0.307058631758109, -0.3726979958499053, -0.3819116856636925, -0.011404411415870563, -0.17769214199413985, -0.3900618201334224, -0.2055822999990189, -0.4107593889967668, -0.08123172829350789, -0.1379964280810605, -0.19112456280992907, -0.582543003581992, -0.4466937169544097, -0.11085020011240854, -0.406293242646488, 0.37307585125105214, -0.1335114841333046, 0.23822316082804917, -0.39182404476679666, -0.48568786312419227, -0.03876771883013497, -0.1654263594886266, 0.11129053551261436, 0.7453529096435925, -0.43829809096253664, 0.4943803990055111, -0.3303761690079826, -0.6617860915459899, -0.1031823783289123, 0.07726141758926608, -0.0620810672095754, -0.18835619065125153, -0.14929601768852685, -0.5283667118655263, -0.2028997901556744, -0.2668231639486365, -0.40966626060426736, 0.81897718303095]","[1000, 1000, 1000, 1000, 1000, 1000, 1000, 1000, 1000, 1000, 1000, 1000, 1000, 1000, 1000, 1000, 1000, 1000, 1000, 1000, 1000, 1000, 1000, 1000, 1000, 1000, 1000, 1000, 1000, 1000, 1000, 1000, 1000, 1000, 1000, 1000, 1000, 1000, 1000, 1000, 1000, 1000, 1000, 1000, 1000, 1000, 1000, 1000, 1000, 1000, 1000, 1000, 1000, 1000, 1000, 1000, 1000, 1000, 1000, 1000, 1000, 1000, 1000, 1000, 1000, 1000, 1000, 1000, 1000, 1000, 1000, 1000, 1000, 1000, 1000, 1000, 1000, 1000, 1000, 1000, 1000, 1000, 1000, 1000, 1000, 1000, 1000, 1000, 1000, 1000, 1000, 1000, 1000, 1000, 1000, 1000]",0.1967777113819004,0.9693149498198418,0.040505075806804264,0.9193122909979535,0.0,2989.054,3211.718,2526.785,3799.295,1.519,96000,96000,54.21111111111111,79.23333333333332,0.0,1.0,0.0026710254461175718,-0.017586355693638325,-0.032042282161613304,0.003118536788970232,0.651475,0.011337391138076781,-3.3264059034983315,0.0
0.4829641897086616,-0.21766378740157788,-0.022611155527958948,1000.0,8,8,105600,False,104,11,11f469d083ed45cca9d4d5f6be76b19b,2021-04-09_12-27-50,1617996470,6.395701169967651,61.61772584915161,8400,4650286b7eb1,172.17.0.2,6.395701169967651,0,1,3d0f1_00003,"[0.21543991445002786, -0.1977853795964818, -0.21766378740157788, -0.14235456078066522, -0.1579718057345767, -0.2113585711509116, 0.4829641897086616, 0.04784075628185214]","[1000, 1000, 1000, 1000, 1000, 1000, 1000, 1000]",0.23146538214322232,1.178588100912966,0.04985494280139373,1.177398539105621,0.0,3500.872,2742.174,2889.328,3322.572,1.611,105600,105600,50.940000000000005,78.86,0.0,1.0,0.0026710254461175718,-0.01777973641951879,-0.03258829320470492,0.002896604739750425,0.5569678,0.011911951688428719,-3.3382781346639,0.0
0.4829641897086616,-0.5636454741101067,-0.17726860998423785,1000.0,8,8,115200,False,112,12,11f469d083ed45cca9d4d5f6be76b19b,2021-04-09_12-27-57,1617996477,6.559774875640869,68.17750072479248,8400,4650286b7eb1,172.17.0.2,12.95547604560852,0,2,3d0f1_00003,"[-0.24954015310731192, -0.4494463598273725, -0.4108059231227662, -0.3293959337067215, -0.0582437696574577, -0.28200075531446267, -0.3123301466779348, -0.5636454741101067, 0.21543991445002786, -0.1977853795964818, -0.21766378740157788, -0.14235456078066522, -0.1579718057345767, -0.2113585711509116, 0.4829641897086616, 0.04784075628185214]","[1000, 1000, 1000, 1000, 1000, 1000, 1000, 1000, 1000, 1000, 1000, 1000, 1000, 1000, 1000, 1000]",0.22216523720501238,1.1515427468972914,0.04858165908455543,1.1342648654815126,0.0,3298.267,2910.619,3173.306,3025.236,1.578,115200,115200,53.266666666666666,75.47777777777779,0.0,1.0,0.0026710254461175718,-0.013223681971430779,-0.028673164496819177,0.002902113649373253,0.6002238,0.012547368593513965,-3.340834328333537,0.0
0.4829641897086616,-0.5636454741101067,-0.09135106139754057,1000.0,8,8,124800,False,120,13,11f469d083ed45cca9d4d5f6be76b19b,2021-04-09_12-28-04,1617996484,6.423002243041992,74.60050296783447,8400,4650286b7eb1,172.17.0.2,19.378478288650513,0,3,3d0f1_00003,"[0.13793438073193487, 0.2698510352816623, -0.17797046104243064, -0.01317744624901529, -0.22983600839322926, 0.2793482004464849, 0.3155890750593515, 0.06213351037207371, 0.21543991445002786, -0.1977853795964818, -0.21766378740157788, -0.14235456078066522, -0.1579718057345767, -0.2113585711509116, 0.4829641897086616, 0.04784075628185214, -0.24954015310731192, -0.4494463598273725, -0.4108059231227662, -0.3293959337067215, -0.0582437696574577, -0.28200075531446267, -0.3123301466779348, -0.5636454741101067]","[1000, 1000, 1000, 1000, 1000, 1000, 1000, 1000, 1000, 1000, 1000, 1000, 1000, 1000, 1000, 1000, 1000, 1000, 1000, 1000, 1000, 1000, 1000, 1000]",0.22006833590147712,1.1457270527171015,0.04829449401311755,1.120467864775947,0.0,3311.103,2899.336,3142.073,3055.308,1.614,124800,124800,57.93333333333333,78.97777777777777,0.0,1.0,0.0026710254461175718,-0.016739344044278067,-0.030797495394945144,0.0027564964753886063,0.6332637,0.011301654788355032,-3.3520958932240803,0.0
0.4829641897086616,-0.5636454741101067,-0.1290249404702981,1000.0,8,8,134400,False,128,14,11f469d083ed45cca9d4d5f6be76b19b,2021-04-09_12-28-09,1617996489,5.780299186706543,80.38080215454102,8400,4650286b7eb1,172.17.0.2,25.158777475357056,0,4,3d0f1_00003,"[0.05294950487915817, -0.31354372776963835, -0.20111232815178204, -0.5229912645405277, -0.3108546831221657, -0.28133947204869614, -0.08045908850026906, -0.2790215622546449, 0.21543991445002786, -0.1977853795964818, -0.21766378740157788, -0.14235456078066522, -0.1579718057345767, -0.2113585711509116, 0.4829641897086616, 0.04784075628185214, -0.24954015310731192, -0.4494463598273725, -0.4108059231227662, -0.3293959337067215, -0.0582437696574577, -0.28200075531446267, -0.3123301466779348, -0.5636454741101067, 0.13793438073193487, 0.2698510352816623, -0.17797046104243064, -0.01317744624901529, -0.22983600839322926, 0.2793482004464849, 0.3155890750593515, 0.06213351037207371]","[1000, 1000, 1000, 1000, 1000, 1000, 1000, 1000, 1000, 1000, 1000, 1000, 1000, 1000, 1000, 1000, 1000, 1000, 1000, 1000, 1000, 1000, 1000, 1000, 1000, 1000, 1000, 1000, 1000, 1000, 1000, 1000]",0.21534471167883565,1.1318189145127957,0.047345307413821314,1.092561087427559,0.0,3129.074,3068.001,3154.134,3043.625,1.606,134400,134400,32.4,79.1125,0.0,1.0,0.0026710254461175718,-0.016961795402069886,-0.03168518892178933,0.0022778539825230835,0.67163485,0.012445539614806572,-3.364203443527222,0.0
0.4829641897086616,-0.5636454741101067,-0.11239376329659845,1000.0,16,8,144000,False,144,15,11f469d083ed45cca9d4d5f6be76b19b,2021-04-09_12-28-16,1617996496,6.277310132980347,86.65811228752136,8400,4650286b7eb1,172.17.0.2,31.436087608337402,0,5,3d0f1_00003,"[-0.12629771737376583, -0.32026762156104094, -0.07884773649483745, 0.06394878544392912, 0.0930135543909818, 0.05418182116441561, -0.24700749034817526, 0.33783570511196737, -0.313542961677858, 0.28262976657679206, 0.3533316076958901, -0.35709116727125045, 0.03286309034861179, -0.47014955964152155, -0.3732827285413852, -0.19741989100993984, 0.21543991445002786, -0.1977853795964818, -0.21766378740157788, -0.14235456078066522, -0.1579718057345767, -0.2113585711509116, 0.4829641897086616, 0.04784075628185214, -0.24954015310731192, -0.4494463598273725, -0.4108059231227662, -0.3293959337067215, -0.0582437696574577, -0.28200075531446267, -0.3123301466779348, -0.5636454741101067, 0.13793438073193487, 0.2698510352816623, -0.17797046104243064, -0.01317744624901529, -0.22983600839322926, 0.2793482004464849, 0.3155890750593515, 0.06213351037207371, 0.05294950487915817, -0.31354372776963835, -0.20111232815178204, -0.5229912645405277, -0.3108546831221657, -0.28133947204869614, -0.08045908850026906, -0.2790215622546449]","[1000, 1000, 1000, 1000, 1000, 1000, 1000, 1000, 1000, 1000, 1000, 1000, 1000, 1000, 1000, 1000, 1000, 1000, 1000, 1000, 1000, 1000, 1000, 1000, 1000, 1000, 1000, 1000, 1000, 1000, 1000, 1000, 1000, 1000, 1000, 1000, 1000, 1000, 1000, 1000, 1000, 1000, 1000, 1000, 1000, 1000, 1000, 1000]",0.21614221693087507,1.1231682729411305,0.04667029957183536,1.0704662939496024,0.0,3200.203,2999.81,3080.493,3116.385,1.589,144000,144000,50.32222222222222,79.3111111111111,0.0,1.0,0.0026710254461175718,-0.018337869408229988,-0.03224418699741363,0.0028804947528988122,0.62434494,0.011025823323676983,-3.3920691426595053,0.0
1.1738463215819839,-0.5636454741101067,-0.008339831457051238,1000.0,8,8,153600,False,152,16,11f469d083ed45cca9d4d5f6be76b19b,2021-04-09_12-28-21,1617996501,5.690328121185303,92.34844040870667,8400,4650286b7eb1,172.17.0.2,37.126415729522705,0,6,3d0f1_00003,"[0.06324822152285359, 0.9777766819836049, 0.24084603864823495, 0.975629762967011, 1.1738463215819839, -0.15275609162787074, 1.052672147706009, 0.59660699386003, 0.21543991445002786, -0.1977853795964818, -0.21766378740157788, -0.14235456078066522, -0.1579718057345767, -0.2113585711509116, 0.4829641897086616, 0.04784075628185214, -0.24954015310731192, -0.4494463598273725, -0.4108059231227662, -0.3293959337067215, -0.0582437696574577, -0.28200075531446267, -0.3123301466779348, -0.5636454741101067, 0.13793438073193487, 0.2698510352816623, -0.17797046104243064, -0.01317744624901529, -0.22983600839322926, 0.2793482004464849, 0.3155890750593515, 0.06213351037207371, 0.05294950487915817, -0.31354372776963835, -0.20111232815178204, -0.5229912645405277, -0.3108546831221657, -0.28133947204869614, -0.08045908850026906, -0.2790215622546449, -0.12629771737376583, -0.32026762156104094, -0.07884773649483745, 0.06394878544392912, 0.0930135543909818, 0.05418182116441561, -0.24700749034817526, 0.33783570511196737, -0.313542961677858, 0.28262976657679206, 0.3533316076958901, -0.35709116727125045, 0.03286309034861179, -0.47014955964152155, -0.3732827285413852, -0.19741989100993984]","[1000, 1000, 1000, 1000, 1000, 1000, 1000, 1000, 1000, 1000, 1000, 1000, 1000, 1000, 1000, 1000, 1000, 1000, 1000, 1000, 1000, 1000, 1000, 1000, 1000, 1000, 1000, 1000, 1000, 1000, 1000, 1000, 1000, 1000, 1000, 1000, 1000, 1000, 1000, 1000, 1000, 1000, 1000, 1000, 1000, 1000, 1000, 1000, 1000, 1000, 1000, 1000, 1000, 1000, 1000, 1000]",0.21490053747153862,1.11392434716722,0.04622707947828235,1.0574868768305,0.0,3049.811,3147.736,3131.294,3065.826,1.548,153600,153600,40.67777777777778,79.16666666666667,0.0,1.0,0.0026710254461175718,-0.017139642325540383,-0.03362700294703245,0.004677087487652898,0.53912735,0.011810273571560781,-3.4369656721750896,0.0
1.1738463215819839,-0.5636454741101067,0.015248727429281747,1000.0,8,8,163200,False,160,17,11f469d083ed45cca9d4d5f6be76b19b,2021-04-09_12-28-27,1617996507,5.569007635116577,97.91744804382324,8400,4650286b7eb1,172.17.0.2,42.69542336463928,0,7,3d0f1_00003,"[0.7033655464494224, -0.04837377076643368, 0.30283288716289025, 0.5473332926641936, -0.3407545453212396, 0.24453868010126523, -0.11936523759725726, 0.15337226437606022, 0.21543991445002786, -0.1977853795964818, -0.21766378740157788, -0.14235456078066522, -0.1579718057345767, -0.2113585711509116, 0.4829641897086616, 0.04784075628185214, -0.24954015310731192, -0.4494463598273725, -0.4108059231227662, -0.3293959337067215, -0.0582437696574577, -0.28200075531446267, -0.3123301466779348, -0.5636454741101067, 0.13793438073193487, 0.2698510352816623, -0.17797046104243064, -0.01317744624901529, -0.22983600839322926, 0.2793482004464849, 0.3155890750593515, 0.06213351037207371, 0.05294950487915817, -0.31354372776963835, -0.20111232815178204, -0.5229912645405277, -0.3108546831221657, -0.28133947204869614, -0.08045908850026906, -0.2790215622546449, -0.12629771737376583, -0.32026762156104094, -0.07884773649483745, 0.06394878544392912, 0.0930135543909818, 0.05418182116441561, -0.24700749034817526, 0.33783570511196737, -0.313542961677858, 0.28262976657679206, 0.3533316076958901, -0.35709116727125045, 0.03286309034861179, -0.47014955964152155, -0.3732827285413852, -0.19741989100993984, 0.06324822152285359, 0.9777766819836049, 0.24084603864823495, 0.975629762967011, 1.1738463215819839, -0.15275609162787074, 1.052672147706009, 0.59660699386003]","[1000, 1000, 1000, 1000, 1000, 1000, 1000, 1000, 1000, 1000, 1000, 1000, 1000, 1000, 1000, 1000, 1000, 1000, 1000, 1000, 1000, 1000, 1000, 1000, 1000, 1000, 1000, 1000, 1000, 1000, 1000, 1000, 1000, 1000, 1000, 1000, 1000, 1000, 1000, 1000, 1000, 1000, 1000, 1000, 1000, 1000, 1000, 1000, 1000, 1000, 1000, 1000, 1000, 1000, 1000, 1000, 1000, 1000, 1000, 1000, 1000, 1000, 1000, 1000]",0.2133784595831296,1.105010961700295,0.04583140423199088,1.045986816563379,0.0,2997.744,3202.409,3094.98,3101.797,1.539,163200,163200,35.275,79.4375,0.0,1.0,0.0026710254461175718,-0.017890033076206843,-0.033235360868275166,0.0038087744855632385,0.64355016,0.011536553495874008,-3.4386474736531576,0.0
1.1738463215819839,-0.5636454741101067,0.02521923286845526,1000.0,8,8,172800,False,168,18,11f469d083ed45cca9d4d5f6be76b19b,2021-04-09_12-28-33,1617996513,6.346179485321045,104.26362752914429,8400,4650286b7eb1,172.17.0.2,49.04160284996033,0,8,3d0f1_00003,"[-0.012864006591965849, 0.2904988514317648, 0.09075188394384548, 0.2878986769560996, -0.18777419877374502, 0.5277043936788122, -0.47252677539603355, 0.3161773858059693, 0.21543991445002786, -0.1977853795964818, -0.21766378740157788, -0.14235456078066522, -0.1579718057345767, -0.2113585711509116, 0.4829641897086616, 0.04784075628185214, -0.24954015310731192, -0.4494463598273725, -0.4108059231227662, -0.3293959337067215, -0.0582437696574577, -0.28200075531446267, -0.3123301466779348, -0.5636454741101067, 0.13793438073193487, 0.2698510352816623, -0.17797046104243064, -0.01317744624901529, -0.22983600839322926, 0.2793482004464849, 0.3155890750593515, 0.06213351037207371, 0.05294950487915817, -0.31354372776963835, -0.20111232815178204, -0.5229912645405277, -0.3108546831221657, -0.28133947204869614, -0.08045908850026906, -0.2790215622546449, -0.12629771737376583, -0.32026762156104094, -0.07884773649483745, 0.06394878544392912, 0.0930135543909818, 0.05418182116441561, -0.24700749034817526, 0.33783570511196737, -0.313542961677858, 0.28262976657679206, 0.3533316076958901, -0.35709116727125045, 0.03286309034861179, -0.47014955964152155, -0.3732827285413852, -0.19741989100993984, 0.06324822152285359, 0.9777766819836049, 0.24084603864823495, 0.975629762967011, 1.1738463215819839, -0.15275609162787074, 1.052672147706009, 0.59660699386003, 0.7033655464494224, -0.04837377076643368, 0.30283288716289025, 0.5473332926641936, -0.3407545453212396, 0.24453868010126523, -0.11936523759725726, 0.15337226437606022]","[1000, 1000, 1000, 1000, 1000, 1000, 1000, 1000, 1000, 1000, 1000, 1000, 1000, 1000, 1000, 1000, 1000, 1000, 1000, 1000, 1000, 1000, 1000, 1000, 1000, 1000, 1000, 1000, 1000, 1000, 1000, 1000, 1000, 1000, 1000, 1000, 1000, 1000, 1000, 1000, 1000, 1000, 1000, 1000, 1000, 1000, 1000, 1000, 1000, 1000, 1000, 1000, 1000, 1000, 1000, 1000, 1000, 1000, 1000, 1000, 1000, 1000, 1000, 1000, 1000, 1000, 1000, 1000, 1000, 1000, 1000, 1000]",0.21220735799109558,1.0984928698027967,0.045550991339131444,1.0376522320905082,0.0,3005.227,3194.434,3118.337,3078.564,1.551,172800,172800,51.833333333333336,79.28888888888889,0.0,1.0,0.0026710254461175718,-0.015346108873685201,-0.03297232735902071,0.0034814899569998183,0.70332265,0.0141447320766747,-3.4754497241973876,0.0
1.255330191273056,-0.5636454741101067,0.04909394648028774,1000.0,8,8,182400,False,176,19,11f469d083ed45cca9d4d5f6be76b19b,2021-04-09_12-28-39,1617996519,5.3335020542144775,109.59712958335876,8400,4650286b7eb1,172.17.0.2,54.375104904174805,0,9,3d0f1_00003,"[1.255330191273056, 0.14378789977431516, 0.27045658008140583, 0.10908436080088468, -0.29933702082161173, 0.3308923711227978, 0.4785888899199413, -0.17707232025654795, 0.21543991445002786, -0.1977853795964818, -0.21766378740157788, -0.14235456078066522, -0.1579718057345767, -0.2113585711509116, 0.4829641897086616, 0.04784075628185214, -0.24954015310731192, -0.4494463598273725, -0.4108059231227662, -0.3293959337067215, -0.0582437696574577, -0.28200075531446267, -0.3123301466779348, -0.5636454741101067, 0.13793438073193487, 0.2698510352816623, -0.17797046104243064, -0.01317744624901529, -0.22983600839322926, 0.2793482004464849, 0.3155890750593515, 0.06213351037207371, 0.05294950487915817, -0.31354372776963835, -0.20111232815178204, -0.5229912645405277, -0.3108546831221657, -0.28133947204869614, -0.08045908850026906, -0.2790215622546449, -0.12629771737376583, -0.32026762156104094, -0.07884773649483745, 0.06394878544392912, 0.0930135543909818, 0.05418182116441561, -0.24700749034817526, 0.33783570511196737, -0.313542961677858, 0.28262976657679206, 0.3533316076958901, -0.35709116727125045, 0.03286309034861179, -0.47014955964152155, -0.3732827285413852, -0.19741989100993984, 0.06324822152285359, 0.9777766819836049, 0.24084603864823495, 0.975629762967011, 1.1738463215819839, -0.15275609162787074, 1.052672147706009, 0.59660699386003, 0.7033655464494224, -0.04837377076643368, 0.30283288716289025, 0.5473332926641936, -0.3407545453212396, 0.24453868010126523, -0.11936523759725726, 0.15337226437606022, -0.012864006591965849, 0.2904988514317648, 0.09075188394384548, 0.2878986769560996, -0.18777419877374502, 0.5277043936788122, -0.47252677539603355, 0.3161773858059693]","[1000, 1000, 1000, 1000, 1000, 1000, 1000, 1000, 1000, 1000, 1000, 1000, 1000, 1000, 1000, 1000, 1000, 1000, 1000, 1000, 1000, 1000, 1000, 1000, 1000, 1000, 1000, 1000, 1000, 1000, 1000, 1000, 1000, 1000, 1000, 1000, 1000, 1000, 1000, 1000, 1000, 1000, 1000, 1000, 1000, 1000, 1000, 1000, 1000, 1000, 1000, 1000, 1000, 1000, 1000, 1000, 1000, 1000, 1000, 1000, 1000, 1000, 1000, 1000, 1000, 1000, 1000, 1000, 1000, 1000, 1000, 1000, 1000, 1000, 1000, 1000, 1000, 1000, 1000, 1000]",0.2107588042538721,1.0908754588985188,0.045233529152461635,1.0286153612977373,0.0,2931.158,3275.156,3103.84,3092.943,1.536,182400,182400,30.97142857142857,79.2,0.0,1.0,0.0026710254461175718,-0.018928592006365458,-0.035749211062987646,0.0044448172735671206,0.67717147,0.012375801783055067,-3.4769641304016115,0.0
0.716184078758606,-0.07374808424915369,0.2812116974326303,1000.0,8,8,192000,False,184,20,11f469d083ed45cca9d4d5f6be76b19b,2021-04-09_12-30-02,1617996602,5.830222845077515,115.42735242843628,10024,4650286b7eb1,172.17.0.2,5.830222845077515,0,1,3d0f1_00003,"[0.716184078758606, 0.43650736309373883, 0.47062331807555746, 0.029225429426173122, 0.27930556157726794, -0.07374808424915369, 0.12406378579385602, 0.26753212698499684]","[1000, 1000, 1000, 1000, 1000, 1000, 1000, 1000]",0.15450131883232124,0.8134067703742567,0.0344614849598779,0.8166316000249959,0.0,2695.869,3561.003,3129.007,3068.066,1.685,192000,192000,42.05555555555556,78.93333333333334,0.0,1.0,0.0026710254461175718,-0.016871912733962137,-0.033884481812516846,0.004387482112894456,0.7005253,0.012625086841483911,-3.5224229780832927,0.0
0.716184078758606,-0.20726522590081675,0.22878263190470613,1000.0,8,8,201600,False,192,21,11f469d083ed45cca9d4d5f6be76b19b,2021-04-09_12-30-07,1617996607,5.4451799392700195,120.8725323677063,10024,4650286b7eb1,172.17.0.2,11.275402784347534,0,2,3d0f1_00003,"[0.10857802176776032, -0.20726522590081675, 0.5405191841163375, -0.18148297703944882, 0.43020979271276616, -0.0554937901644843, 0.10075785627845102, 0.6750056692436903, 0.716184078758606, 0.43650736309373883, 0.47062331807555746, 0.029225429426173122, 0.27930556157726794, -0.07374808424915369, 0.12406378579385602, 0.26753212698499684]","[1000, 1000, 1000, 1000, 1000, 1000, 1000, 1000, 1000, 1000, 1000, 1000, 1000, 1000, 1000, 1000]",0.1549297734778713,0.8122782566074425,0.03439354742907856,0.7985184510820406,0.0,2460.328,3901.918,3171.42,3027.036,1.603,201600,201600,38.725,79.0625,0.0,1.0,0.0026710254461175718,-0.013299556753287712,-0.03067663760234912,0.0039295683273424704,0.71589893,0.013447513580322265,-3.4954614734649656,0.0
0.8438584597780465,-0.20726522590081675,0.24028869063698788,1000.0,8,8,211200,False,200,22,11f469d083ed45cca9d4d5f6be76b19b,2021-04-09_12-30-13,1617996613,5.642960548400879,126.51549291610718,10024,4650286b7eb1,172.17.0.2,16.918363332748413,0,3,3d0f1_00003,"[0.3796421858406065, 0.28250012196418894, 0.2351051382311704, -0.03968221421354701, 0.1901367365424289, 0.8438584597780465, -0.09290336186632109, 0.3077493985358386, 0.716184078758606, 0.43650736309373883, 0.47062331807555746, 0.029225429426173122, 0.27930556157726794, -0.07374808424915369, 0.12406378579385602, 0.26753212698499684, 0.10857802176776032, -0.20726522590081675, 0.5405191841163375, -0.18148297703944882, 0.43020979271276616, -0.0554937901644843, 0.10075785627845102, 0.6750056692436903]","[1000, 1000, 1000, 1000, 1000, 1000, 1000, 1000, 1000, 1000, 1000, 1000, 1000, 1000, 1000, 1000, 1000, 1000, 1000, 1000, 1000, 1000, 1000, 1000]",0.15515379834155263,0.8129626219034766,0.03439628276981479,0.7898584891077741,0.0,2415.298,3974.665,3218.012,2983.209,1.655,211200,211200,41.5,79.125,0.0,1.0,0.0026710254461175718,-0.01503375939403971,-0.03199240792542696,0.004319839145367344,0.7293127,0.012638810835778714,-3.543570540746053,0.0
1.1922957115999941,-0.20726522590081675,0.27373878481841735,1000.0,8,8,220800,False,208,23,11f469d083ed45cca9d4d5f6be76b19b,2021-04-09_12-30-19,1617996619,5.81371545791626,132.32920837402344,10024,4650286b7eb1,172.17.0.2,22.732078790664673,0,4,3d0f1_00003,"[1.1922957115999941, 0.015654616920921516, 0.1637868702607843, 0.5999262744569012, 0.19692622867680498, 0.05707393429828622, 0.5362125600149545, 0.23083634267299913, 0.716184078758606, 0.43650736309373883, 0.47062331807555746, 0.029225429426173122, 0.27930556157726794, -0.07374808424915369, 0.12406378579385602, 0.26753212698499684, 0.10857802176776032, -0.20726522590081675, 0.5405191841163375, -0.18148297703944882, 0.43020979271276616, -0.0554937901644843, 0.10075785627845102, 0.6750056692436903, 0.3796421858406065, 0.28250012196418894, 0.2351051382311704, -0.03968221421354701, 0.1901367365424289, 0.8438584597780465, -0.09290336186632109, 0.3077493985358386]","[1000, 1000, 1000, 1000, 1000, 1000, 1000, 1000, 1000, 1000, 1000, 1000, 1000, 1000, 1000, 1000, 1000, 1000, 1000, 1000, 1000, 1000, 1000, 1000, 1000, 1000, 1000, 1000, 1000, 1000, 1000, 1000]",0.1553358549896293,0.8209204630872373,0.03438932839114524,0.7838581390039456,0.0,2432.892,3945.921,3243.954,2959.352,1.609,220800,220800,39.575,79.1,0.0,1.0,0.0026710254461175718,-0.01619770744194587,-0.03366424145797888,0.004807890709489584,0.73899317,0.012658644380668799,-3.5359761492411295,0.0
1.2253405507580997,-0.37563046070180717,0.31228217336152997,1000.0,16,8,230400,False,224,24,11f469d083ed45cca9d4d5f6be76b19b,2021-04-09_12-30-25,1617996625,5.916710376739502,138.24591875076294,10024,4650286b7eb1,172.17.0.2,28.648789167404175,0,5,3d0f1_00003,"[0.21940717934810094, 0.7965494350697151, 0.4350144728898675, 0.3192831383867625, -0.37563046070180717, 0.7641916426949635, 1.2253405507580997, 0.7950861484079552, -0.13438110326375174, 0.9230859551403174, 0.010391232949803042, 0.9417097750869705, 0.2890707235816954, 0.02412241190686193, -0.02968390290676548, 0.026346007815296613, 0.716184078758606, 0.43650736309373883, 0.47062331807555746, 0.029225429426173122, 0.27930556157726794, -0.07374808424915369, 0.12406378579385602, 0.26753212698499684, 0.10857802176776032, -0.20726522590081675, 0.5405191841163375, -0.18148297703944882, 0.43020979271276616, -0.0554937901644843, 0.10075785627845102, 0.6750056692436903, 0.3796421858406065, 0.28250012196418894, 0.2351051382311704, -0.03968221421354701, 0.1901367365424289, 0.8438584597780465, -0.09290336186632109, 0.3077493985358386, 1.1922957115999941, 0.015654616920921516, 0.1637868702607843, 0.5999262744569012, 0.19692622867680498, 0.05707393429828622, 0.5362125600149545, 0.23083634267299913]","[1000, 1000, 1000, 1000, 1000, 1000, 1000, 1000, 1000, 1000, 1000, 1000, 1000, 1000, 1000, 1000, 1000, 1000, 1000, 1000, 1000, 1000, 1000, 1000, 1000, 1000, 1000, 1000, 1000, 1000, 1000, 1000, 1000, 1000, 1000, 1000, 1000, 1000, 1000, 1000, 1000, 1000, 1000, 1000, 1000, 1000, 1000, 1000]",0.16095769816188316,0.8325992195653488,0.034591943459435656,0.7823864829231999,0.0,2497.623,3843.655,3225.952,2975.866,1.611,230400,230400,41.8625,79.05,0.0,1.0,0.0026710254461175718,-0.01338904071599245,-0.03230902780468265,0.0057982023308674495,0.72049254,0.013121785453210274,-3.5311731847127277,0.0
1.2253405507580997,-0.37563046070180717,0.3347036847981703,1000.0,8,8,240000,False,232,25,11f469d083ed45cca9d4d5f6be76b19b,2021-04-09_12-30-30,1617996630,5.77877402305603,144.02469277381897,10024,4650286b7eb1,172.17.0.2,34.427563190460205,0,6,3d0f1_00003,"[0.7856027764718039, 0.3125021449054417, 0.5173192226862808, 0.5712957610129283, 0.9767168535722057, 0.2757189034004013, -0.0822842136859041, 0.3969905789809356, 0.716184078758606, 0.43650736309373883, 0.47062331807555746, 0.029225429426173122, 0.27930556157726794, -0.07374808424915369, 0.12406378579385602, 0.26753212698499684, 0.10857802176776032, -0.20726522590081675, 0.5405191841163375, -0.18148297703944882, 0.43020979271276616, -0.0554937901644843, 0.10075785627845102, 0.6750056692436903, 0.3796421858406065, 0.28250012196418894, 0.2351051382311704, -0.03968221421354701, 0.1901367365424289, 0.8438584597780465, -0.09290336186632109, 0.3077493985358386, 1.1922957115999941, 0.015654616920921516, 0.1637868702607843, 0.5999262744569012, 0.19692622867680498, 0.05707393429828622, 0.5362125600149545, 0.23083634267299913, 0.21940717934810094, 0.7965494350697151, 0.4350144728898675, 0.3192831383867625, -0.37563046070180717, 0.7641916426949635, 1.2253405507580997, 0.7950861484079552, -0.13438110326375174, 0.9230859551403174, 0.010391232949803042, 0.9417097750869705, 0.2890707235816954, 0.02412241190686193, -0.02968390290676548, 0.026346007815296613]","[1000, 1000, 1000, 1000, 1000, 1000, 1000, 1000, 1000, 1000, 1000, 1000, 1000, 1000, 1000, 1000, 1000, 1000, 1000, 1000, 1000, 1000, 1000, 1000, 1000, 1000, 1000, 1000, 1000, 1000, 1000, 1000, 1000, 1000, 1000, 1000, 1000, 1000, 1000, 1000, 1000, 1000, 1000, 1000, 1000, 1000, 1000, 1000, 1000, 1000, 1000, 1000, 1000, 1000, 1000, 1000]",0.1631416025339507,0.8375187658199786,0.03474443719144886,0.7839825578279734,0.0,2527.675,3797.957,3204.115,2996.147,1.585,240000,240000,39.577777777777776,79.1,0.0,1.0,0.0026710254461175718,-0.011863161853204171,-0.030856072381138803,0.006113609137634437,0.7241502,0.01287929984430472,-3.5655880864461262,0.0
1.2253405507580997,-0.37563046070180717,0.3571220978130071,1000.0,8,8,249600,False,240,26,11f469d083ed45cca9d4d5f6be76b19b,2021-04-09_12-30-36,1617996636,5.999479055404663,150.02417182922363,10024,4650286b7eb1,172.17.0.2,40.42704224586487,0,7,3d0f1_00003,"[0.24915948691966627, 1.0521667370309942, 0.4031959510613079, 0.5342118336263768, 0.6100708025134878, 0.8968838128590668, 0.014187239171325139, 0.3525320481526957, 0.716184078758606, 0.43650736309373883, 0.47062331807555746, 0.029225429426173122, 0.27930556157726794, -0.07374808424915369, 0.12406378579385602, 0.26753212698499684, 0.10857802176776032, -0.20726522590081675, 0.5405191841163375, -0.18148297703944882, 0.43020979271276616, -0.0554937901644843, 0.10075785627845102, 0.6750056692436903, 0.3796421858406065, 0.28250012196418894, 0.2351051382311704, -0.03968221421354701, 0.1901367365424289, 0.8438584597780465, -0.09290336186632109, 0.3077493985358386, 1.1922957115999941, 0.015654616920921516, 0.1637868702607843, 0.5999262744569012, 0.19692622867680498, 0.05707393429828622, 0.5362125600149545, 0.23083634267299913, 0.21940717934810094, 0.7965494350697151, 0.4350144728898675, 0.3192831383867625, -0.37563046070180717, 0.7641916426949635, 1.2253405507580997, 0.7950861484079552, -0.13438110326375174, 0.9230859551403174, 0.010391232949803042, 0.9417097750869705, 0.2890707235816954, 0.02412241190686193, -0.02968390290676548, 0.026346007815296613, 0.7856027764718039, 0.3125021449054417, 0.5173192226862808, 0.5712957610129283, 0.9767168535722057, 0.2757189034004013, -0.0822842136859041, 0.3969905789809356]","[1000, 1000, 1000, 1000, 1000, 1000, 1000, 1000, 1000, 1000, 1000, 1000, 1000, 1000, 1000, 1000, 1000, 1000, 1000, 1000, 1000, 1000, 1000, 1000, 1000, 1000, 1000, 1000, 1000, 1000, 1000, 1000, 1000, 1000, 1000, 1000, 1000, 1000, 1000, 1000, 1000, 1000, 1000, 1000, 1000, 1000, 1000, 1000, 1000, 1000, 1000, 1000, 1000, 1000, 1000, 1000, 1000, 1000, 1000, 1000, 1000, 1000, 1000, 1000]",0.16521502917740571,0.8435384350230046,0.03497299662732231,0.7878546446666815,0.0,2577.023,3725.229,3192.087,3007.437,1.596,249600,249600,45.77499999999999,79.1,0.0,1.0,0.0026710254461175718,-0.010920922458171844,-0.030129685923457147,0.00595360180363059,0.7180388,0.013255161624401808,-3.5521189626057943,0.0
1.4065503870312335,-0.37563046070180717,0.39288669240127894,1000.0,8,8,259200,False,248,27,11f469d083ed45cca9d4d5f6be76b19b,2021-04-09_12-30-43,1617996643,6.348675489425659,156.3728473186493,10024,4650286b7eb1,172.17.0.2,46.77571773529053,0,8,3d0f1_00003,"[0.062419991638573924, 0.7828839352967474, 1.029092969027702, 1.078944629329183, 0.0208260155260509, 1.4065503870312335, 0.29880373114494563, 0.752505933865192, 0.716184078758606, 0.43650736309373883, 0.47062331807555746, 0.029225429426173122, 0.27930556157726794, -0.07374808424915369, 0.12406378579385602, 0.26753212698499684, 0.10857802176776032, -0.20726522590081675, 0.5405191841163375, -0.18148297703944882, 0.43020979271276616, -0.0554937901644843, 0.10075785627845102, 0.6750056692436903, 0.3796421858406065, 0.28250012196418894, 0.2351051382311704, -0.03968221421354701, 0.1901367365424289, 0.8438584597780465, -0.09290336186632109, 0.3077493985358386, 1.1922957115999941, 0.015654616920921516, 0.1637868702607843, 0.5999262744569012, 0.19692622867680498, 0.05707393429828622, 0.5362125600149545, 0.23083634267299913, 0.21940717934810094, 0.7965494350697151, 0.4350144728898675, 0.3192831383867625, -0.37563046070180717, 0.7641916426949635, 1.2253405507580997, 0.7950861484079552, -0.13438110326375174, 0.9230859551403174, 0.010391232949803042, 0.9417097750869705, 0.2890707235816954, 0.02412241190686193, -0.02968390290676548, 0.026346007815296613, 0.7856027764718039, 0.3125021449054417, 0.5173192226862808, 0.5712957610129283, 0.9767168535722057, 0.2757189034004013, -0.0822842136859041, 0.3969905789809356, 0.24915948691966627, 1.0521667370309942, 0.4031959510613079, 0.5342118336263768, 0.6100708025134878, 0.8968838128590668, 0.014187239171325139, 0.3525320481526957]","[1000, 1000, 1000, 1000, 1000, 1000, 1000, 1000, 1000, 1000, 1000, 1000, 1000, 1000, 1000, 1000, 1000, 1000, 1000, 1000, 1000, 1000, 1000, 1000, 1000, 1000, 1000, 1000, 1000, 1000, 1000, 1000, 1000, 1000, 1000, 1000, 1000, 1000, 1000, 1000, 1000, 1000, 1000, 1000, 1000, 1000, 1000, 1000, 1000, 1000, 1000, 1000, 1000, 1000, 1000, 1000, 1000, 1000, 1000, 1000, 1000, 1000, 1000, 1000, 1000, 1000, 1000, 1000, 1000, 1000, 1000, 1000]",0.16696120103616957,0.8498342518313979,0.03524765462356098,0.7928283518396477,0.0,2612.468,3674.686,3228.281,2973.719,1.571,259200,259200,46.49999999999999,75.71111111111111,0.0,1.0,0.0026710254461175718,-0.013629728977878888,-0.03255557599167029,0.006196969822049141,0.7234576,0.012728875658164421,-3.5899650065104165,0.0
1.9800248327328385,-0.37563046070180717,0.4232041616653731,1000.0,8,8,268800,False,256,28,11f469d083ed45cca9d4d5f6be76b19b,2021-04-09_12-30-49,1617996649,6.415212631225586,162.78805994987488,10024,4650286b7eb1,172.17.0.2,53.19093036651611,0,9,3d0f1_00003,"[1.2668852671786723, -0.15153337238084408, 0.6030727459933969, 0.43185578263470226, 0.8329972409626738, 0.3407725640425705, 0.2644160191737539, 1.9800248327328385, 0.716184078758606, 0.43650736309373883, 0.47062331807555746, 0.029225429426173122, 0.27930556157726794, -0.07374808424915369, 0.12406378579385602, 0.26753212698499684, 0.10857802176776032, -0.20726522590081675, 0.5405191841163375, -0.18148297703944882, 0.43020979271276616, -0.0554937901644843, 0.10075785627845102, 0.6750056692436903, 0.3796421858406065, 0.28250012196418894, 0.2351051382311704, -0.03968221421354701, 0.1901367365424289, 0.8438584597780465, -0.09290336186632109, 0.3077493985358386, 1.1922957115999941, 0.015654616920921516, 0.1637868702607843, 0.5999262744569012, 0.19692622867680498, 0.05707393429828622, 0.5362125600149545, 0.23083634267299913, 0.21940717934810094, 0.7965494350697151, 0.4350144728898675, 0.3192831383867625, -0.37563046070180717, 0.7641916426949635, 1.2253405507580997, 0.7950861484079552, -0.13438110326375174, 0.9230859551403174, 0.010391232949803042, 0.9417097750869705, 0.2890707235816954, 0.02412241190686193, -0.02968390290676548, 0.026346007815296613, 0.7856027764718039, 0.3125021449054417, 0.5173192226862808, 0.5712957610129283, 0.9767168535722057, 0.2757189034004013, -0.0822842136859041, 0.3969905789809356, 0.24915948691966627, 1.0521667370309942, 0.4031959510613079, 0.5342118336263768, 0.6100708025134878, 0.8968838128590668, 0.014187239171325139, 0.3525320481526957, 0.062419991638573924, 0.7828839352967474, 1.029092969027702, 1.078944629329183, 0.0208260155260509, 1.4065503870312335, 0.29880373114494563, 0.752505933865192]","[1000, 1000, 1000, 1000, 1000, 1000, 1000, 1000, 1000, 1000, 1000, 1000, 1000, 1000, 1000, 1000, 1000, 1000, 1000, 1000, 1000, 1000, 1000, 1000, 1000, 1000, 1000, 1000, 1000, 1000, 1000, 1000, 1000, 1000, 1000, 1000, 1000, 1000, 1000, 1000, 1000, 1000, 1000, 1000, 1000, 1000, 1000, 1000, 1000, 1000, 1000, 1000, 1000, 1000, 1000, 1000, 1000, 1000, 1000, 1000, 1000, 1000, 1000, 1000, 1000, 1000, 1000, 1000, 1000, 1000, 1000, 1000, 1000, 1000, 1000, 1000, 1000, 1000, 1000, 1000]",0.16871474182569082,0.8578657891662669,0.03560024994158019,0.8000746798525796,0.0,2695.398,3561.626,3208.37,2992.174,1.586,268800,268800,50.589999999999996,78.83000000000001,0.0,1.0,0.0026710254461175718,-0.011615744990607102,-0.0314048275227348,0.00625987750167648,0.77704155,0.013529203931490581,-3.58544992129008,0.0
153.7623443217032,23.355538169386982,62.170129986356386,1000.0,136,8,454400,True,440,32,ad06e7185bcb4af590941567e34aaccc,2021-04-09_12-32-47,1617996767,53.277788162231445,211.01899003982544,12044,4650286b7eb1,172.17.0.2,53.277788162231445,0,1,3d0f1_00003,"[78.26304568326448, 53.22001632393168, 58.899980276456304, 134.52382034109172, 67.66338266531365, 56.23379938357131, 73.0919568738939, 51.09307602370619, 94.78265648842435, 47.7805648351813, 77.51443934502743, 71.52028698343958, 36.796070358023165, 44.4224293919666, 99.64003297347423, 118.7003946720221, 38.3350808295532, 31.2859917905646, 58.433901239982106, 105.72249806704502, 47.73120331105618, 89.38511399075604, 47.2974594987625, 58.99989962136346, 41.98848202849173, 41.987710889993956, 42.824080755450815, 153.7623443217032, 52.83338927540009, 96.40983973927813, 109.79788506029853, 84.13579717367607, 49.20892761658913, 41.4079841087948, 55.85359557264909, 40.07879683890507, 73.52877593013494, 73.19793410432753, 50.203743978821116, 25.032276231357244, 57.0430299210834, 45.72486849782158, 49.33526074399927, 49.40562770910794, 38.1368791297634, 66.9890256543799, 50.767246531926816, 34.1769696848451, 39.160997045107656, 59.243777499563585, 115.60884957605371, 53.55414128794135, 54.70155637456378, 54.6482048767531, 46.17107821294539, 69.08331971523936, 41.85323973338064, 47.99261196490365, 118.3296303181468, 77.9722539958318, 45.1641299117858, 60.29940268536981, 98.56625952017443, 38.22326458561131, 93.376657833805, 30.295038143522913, 36.607065576863945, 29.642788800254866, 61.48577718794798, 52.9323402195467, 54.63288221252521, 71.7187233368649, 46.87273569319499, 81.59993749278465, 73.51779261134095, 68.65857424846989, 36.5667228565938, 34.13216472914226, 37.03882785984432, 87.5428834504564, 121.99394308411212, 38.61715462079386, 66.72992269049081, 60.45147941359313, 31.228415914683723, 66.61116648907378, 40.38666670225048, 55.77656680118482, 85.90860948359679, 52.29757852745237, 85.88068856914818, 47.17902869122709, 23.355538169386982, 75.49416880151529, 83.20274247136778, 37.91907717198734, 70.95162618717843, 47.2601089639231, 105.99869186654333, 33.327967872833526, 37.43028685794878, 70.24436373982113, 85.22668039792178, 129.67007388528012, 71.48016259476752, 75.23293570342314, 30.5349338476231, 24.061414514567055, 47.874087369837326, 67.93477523845443, 46.691469685535665, 52.99810602292511, 61.35561211945496, 35.746945840092245, 70.58344971709444, 125.50680990662113, 74.62096295425286, 32.800299683327474, 33.48669232895023, 78.69094346154827, 66.79395493067754, 40.98418147317616, 24.547503566850335, 47.538132365464875, 68.77473075828509, 24.826014051716264, 68.86281490294061, 43.35715585026518, 70.58231911707945, 64.69611520396134, 89.12744678174064, 92.77336975560958, 91.28739045111347, 68.62975209600603, 63.39069563954908, 63.8627508150426]","[1000, 1000, 1000, 1000, 1000, 1000, 1000, 1000, 1000, 1000, 1000, 1000, 1000, 1000, 1000, 1000, 1000, 1000, 1000, 1000, 1000, 1000, 1000, 1000, 1000, 1000, 1000, 1000, 1000, 1000, 1000, 1000, 1000, 1000, 1000, 1000, 1000, 1000, 1000, 1000, 1000, 1000, 1000, 1000, 1000, 1000, 1000, 1000, 1000, 1000, 1000, 1000, 1000, 1000, 1000, 1000, 1000, 1000, 1000, 1000, 1000, 1000, 1000, 1000, 1000, 1000, 1000, 1000, 1000, 1000, 1000, 1000, 1000, 1000, 1000, 1000, 1000, 1000, 1000, 1000, 1000, 1000, 1000, 1000, 1000, 1000, 1000, 1000, 1000, 1000, 1000, 1000, 1000, 1000, 1000, 1000, 1000, 1000, 1000, 1000, 1000, 1000, 1000, 1000, 1000, 1000, 1000, 1000, 1000, 1000, 1000, 1000, 1000, 1000, 1000, 1000, 1000, 1000, 1000, 1000, 1000, 1000, 1000, 1000, 1000, 1000, 1000, 1000, 1000, 1000, 1000, 1000, 1000, 1000, 1000, 1000]",0.19460750363551008,0.9924636251822051,0.041764443727795676,0.9004189350474581,0.0,41180.837,3341.36,12075.125,11395.327,1.705,454400,454400,55.6012987012987,78.50519480519482,0.0,1.0,0.0010000000000000005,0.1789891469386335,-0.0040185399006587895,0.1651318307742345,0.9659088,0.017875856341133055,-4.3825412666608194,0.0
