episode_reward_max,episode_reward_min,episode_reward_mean,episode_len_mean,episodes_this_iter,num_healthy_workers,timesteps_total,done,episodes_total,training_iteration,experiment_id,date,timestamp,time_this_iter_s,time_total_s,pid,hostname,node_ip,time_since_restore,timesteps_since_restore,iterations_since_restore,trial_id,hist_stats/episode_reward,hist_stats/episode_lengths,timers/sample_time_ms,timers/sample_throughput,timers/learn_time_ms,timers/learn_throughput,timers/update_time_ms,info/num_steps_sampled,info/num_steps_trained,perf/cpu_util_percent,perf/ram_util_percent,info/learner/default_policy/allreduce_latency,info/learner/default_policy/cur_kl_coeff,info/learner/default_policy/cur_lr,info/learner/default_policy/total_loss,info/learner/default_policy/policy_loss,info/learner/default_policy/vf_loss,info/learner/default_policy/vf_explained_var,info/learner/default_policy/kl,info/learner/default_policy/entropy,info/learner/default_policy/entropy_coeff
nan,nan,nan,nan,0,19,7600,False,0,1,8fbc600aff3c4223b91a7c1c7f534dde,2021-04-05_07-43-59,1617633839,3.096601963043213,3.096601963043213,471,5e08ae53878a,172.17.0.3,3.096601963043213,0,1,315ff_00001,[],[],1411.121,5385.788,1678.831,4526.959,2.46,7600,7600,53.9,61.42,0.0,1.0,0.0016658912420044608,0.010523511205489437,-0.0018310281758507094,0.003293288677620391,0.8894419,0.009061253055309255,-3.5558287660280863,0.0
nan,nan,nan,nan,0,19,15200,False,0,2,8fbc600aff3c4223b91a7c1c7f534dde,2021-04-05_07-44-01,1617633841,2.852066993713379,5.948668956756592,471,5e08ae53878a,172.17.0.3,5.948668956756592,0,2,315ff_00001,[],[],1273.649,5967.109,1693.442,4487.9,2.689,15200,15200,41.575,61.650000000000006,0.0,1.0,0.0016658912420044608,0.0007004544138908386,-0.005978843895718455,0.002360807745329415,0.83092177,0.004318491361724834,-3.5609865546226502,0.0
0.7854520238788159,-0.4729461843762158,-0.11331540037379896,1000.0,19,19,22800,False,19,3,8fbc600aff3c4223b91a7c1c7f534dde,2021-04-05_07-44-05,1617633845,3.0908310413360596,9.039499998092651,471,5e08ae53878a,172.17.0.3,9.039499998092651,0,3,315ff_00001,"[-0.2288973538878556, -0.4729461843762158, -0.44271203554109656, -0.14506292724051706, 0.09217629031064001, -0.07240234596731654, -0.44167948850027844, -0.4220791661365624, -0.4231475584215553, -0.03975001707207626, -0.12368308490596513, -0.06658504746290195, 0.7854520238788159, 0.030037822618697252, -0.24990385450784203, 0.20916960816258467, 0.0915484229246617, -0.08852695125611076, -0.1440007597212859]","[1000, 1000, 1000, 1000, 1000, 1000, 1000, 1000, 1000, 1000, 1000, 1000, 1000, 1000, 1000, 1000, 1000, 1000, 1000]",1259.704,6033.165,1745.646,4353.69,2.769,22800,22800,44.699999999999996,61.7,0.0,0.5,0.0016658912420044608,-0.005860846349969506,-0.010555272068207463,0.0018434425408486276,0.5341764,0.005701970157679171,-3.642524981498718,0.0
0.7854520238788159,-0.4729461843762158,-0.11331540037379896,1000.0,0,19,30400,False,19,4,8fbc600aff3c4223b91a7c1c7f534dde,2021-04-05_07-44-07,1617633847,2.894456624984741,11.933956623077393,471,5e08ae53878a,172.17.0.3,11.933956623077393,0,4,315ff_00001,"[-0.2288973538878556, -0.4729461843762158, -0.44271203554109656, -0.14506292724051706, 0.09217629031064001, -0.07240234596731654, -0.44167948850027844, -0.4220791661365624, -0.4231475584215553, -0.03975001707207626, -0.12368308490596513, -0.06658504746290195, 0.7854520238788159, 0.030037822618697252, -0.24990385450784203, 0.20916960816258467, 0.0915484229246617, -0.08852695125611076, -0.1440007597212859]","[1000, 1000, 1000, 1000, 1000, 1000, 1000, 1000, 1000, 1000, 1000, 1000, 1000, 1000, 1000, 1000, 1000, 1000, 1000]",1221.849,6220.082,1753.737,4333.603,2.775,30400,30400,35.58,61.7,0.0,0.5,0.0016658912420044608,0.0013597469932089248,-0.0027728708616147437,0.0018830167575894544,0.68943805,0.004499199419903259,-3.6902919967969257,0.0
0.7854520238788159,-0.5923162250164682,-0.14427564317404115,1000.0,19,19,38000,False,38,5,8fbc600aff3c4223b91a7c1c7f534dde,2021-04-05_07-44-10,1617633850,3.000170946121216,14.934127569198608,471,5e08ae53878a,172.17.0.3,14.934127569198608,0,5,315ff_00001,"[0.11203874158219085, -0.006590919878277757, 0.41931515191074387, 0.055974820742605624, 0.15689537290779576, -0.22012162505506905, -0.3858973240067497, -0.5686890212402351, -0.415172388806702, -0.5923162250164682, -0.00971505378184967, -0.5508126318249775, -0.3341457467413218, -0.2830323594959511, -0.05481794994435385, 0.052620719763922796, -0.15825310316750818, -0.33732657441858993, -0.20943571704058772, -0.2288973538878556, -0.4729461843762158, -0.44271203554109656, -0.14506292724051706, 0.09217629031064001, -0.07240234596731654, -0.44167948850027844, -0.4220791661365624, -0.4231475584215553, -0.03975001707207626, -0.12368308490596513, -0.06658504746290195, 0.7854520238788159, 0.030037822618697252, -0.24990385450784203, 0.20916960816258467, 0.0915484229246617, -0.08852695125611076, -0.1440007597212859]","[1000, 1000, 1000, 1000, 1000, 1000, 1000, 1000, 1000, 1000, 1000, 1000, 1000, 1000, 1000, 1000, 1000, 1000, 1000, 1000, 1000, 1000, 1000, 1000, 1000, 1000, 1000, 1000, 1000, 1000, 1000, 1000, 1000, 1000, 1000, 1000, 1000, 1000]",1225.004,6204.063,1753.874,4333.265,2.698,38000,38000,45.175000000000004,61.75,0.0,0.25,0.0016658912420044608,-0.0015940172287325063,-0.004674557037651539,0.0015469997558587541,0.70562226,0.006134156312327832,-3.622976235548655,0.0
0.7854520238788159,-0.5923162250164682,-0.14427564317404115,1000.0,0,19,45600,False,38,6,8fbc600aff3c4223b91a7c1c7f534dde,2021-04-05_07-44-13,1617633853,2.939657688140869,17.873785257339478,471,5e08ae53878a,172.17.0.3,17.873785257339478,0,6,315ff_00001,"[-0.2288973538878556, -0.4729461843762158, -0.44271203554109656, -0.14506292724051706, 0.09217629031064001, -0.07240234596731654, -0.44167948850027844, -0.4220791661365624, -0.4231475584215553, -0.03975001707207626, -0.12368308490596513, -0.06658504746290195, 0.7854520238788159, 0.030037822618697252, -0.24990385450784203, 0.20916960816258467, 0.0915484229246617, -0.08852695125611076, -0.1440007597212859, 0.11203874158219085, -0.006590919878277757, 0.41931515191074387, 0.055974820742605624, 0.15689537290779576, -0.22012162505506905, -0.3858973240067497, -0.5686890212402351, -0.415172388806702, -0.5923162250164682, -0.00971505378184967, -0.5508126318249775, -0.3341457467413218, -0.2830323594959511, -0.05481794994435385, 0.052620719763922796, -0.15825310316750818, -0.33732657441858993, -0.20943571704058772]","[1000, 1000, 1000, 1000, 1000, 1000, 1000, 1000, 1000, 1000, 1000, 1000, 1000, 1000, 1000, 1000, 1000, 1000, 1000, 1000, 1000, 1000, 1000, 1000, 1000, 1000, 1000, 1000, 1000, 1000, 1000, 1000, 1000, 1000, 1000, 1000, 1000, 1000]",1212.133,6269.94,1758.708,4321.355,2.769,45600,45600,42.1,61.85,0.0,0.25,0.0016658912420044608,-0.0009361841871092717,-0.0043142127649237715,0.0021406589037117857,0.7570152,0.004949483139595637,-3.5881378094355267,0.0
0.7854520238788159,-0.5923162250164682,-0.14427564317404115,1000.0,0,19,53200,False,38,7,8fbc600aff3c4223b91a7c1c7f534dde,2021-04-05_07-44-16,1617633856,2.975796699523926,20.849581956863403,471,5e08ae53878a,172.17.0.3,20.849581956863403,0,7,315ff_00001,"[-0.2288973538878556, -0.4729461843762158, -0.44271203554109656, -0.14506292724051706, 0.09217629031064001, -0.07240234596731654, -0.44167948850027844, -0.4220791661365624, -0.4231475584215553, -0.03975001707207626, -0.12368308490596513, -0.06658504746290195, 0.7854520238788159, 0.030037822618697252, -0.24990385450784203, 0.20916960816258467, 0.0915484229246617, -0.08852695125611076, -0.1440007597212859, 0.11203874158219085, -0.006590919878277757, 0.41931515191074387, 0.055974820742605624, 0.15689537290779576, -0.22012162505506905, -0.3858973240067497, -0.5686890212402351, -0.415172388806702, -0.5923162250164682, -0.00971505378184967, -0.5508126318249775, -0.3341457467413218, -0.2830323594959511, -0.05481794994435385, 0.052620719763922796, -0.15825310316750818, -0.33732657441858993, -0.20943571704058772]","[1000, 1000, 1000, 1000, 1000, 1000, 1000, 1000, 1000, 1000, 1000, 1000, 1000, 1000, 1000, 1000, 1000, 1000, 1000, 1000, 1000, 1000, 1000, 1000, 1000, 1000, 1000, 1000, 1000, 1000, 1000, 1000, 1000, 1000, 1000, 1000, 1000, 1000]",1199.675,6335.049,1770.732,4292.009,2.75,53200,53200,41.44999999999999,61.9,0.0,0.125,0.0016658912420044608,-0.005656414541105429,-0.008640489944567283,0.0021463120084566373,0.6983591,0.006702083209529519,-3.5771254301071167,0.0
0.7854520238788159,-0.7087116055643468,-0.118568205481768,1000.0,19,19,60800,False,57,8,8fbc600aff3c4223b91a7c1c7f534dde,2021-04-05_07-44-20,1617633860,3.0744504928588867,23.92403244972229,471,5e08ae53878a,172.17.0.3,23.92403244972229,0,8,315ff_00001,"[0.08478649488082723, 0.18781938353852778, 0.20762421463907432, -0.01549841020967846, -0.38074979882699655, -0.19105568076311352, -0.49086331349781426, -0.4357286158234322, -0.05673933670162867, -0.1587771956648948, 0.22554438170800584, 0.23887718897377375, -0.18927568597517963, 0.17696470390905117, -0.055775526453808566, -0.7087116055643468, 0.41786201823886926, -0.16680773715058395, 0.034591248896135074, -0.2288973538878556, -0.4729461843762158, -0.44271203554109656, -0.14506292724051706, 0.09217629031064001, -0.07240234596731654, -0.44167948850027844, -0.4220791661365624, -0.4231475584215553, -0.03975001707207626, -0.12368308490596513, -0.06658504746290195, 0.7854520238788159, 0.030037822618697252, -0.24990385450784203, 0.20916960816258467, 0.0915484229246617, -0.08852695125611076, -0.1440007597212859, 0.11203874158219085, -0.006590919878277757, 0.41931515191074387, 0.055974820742605624, 0.15689537290779576, -0.22012162505506905, -0.3858973240067497, -0.5686890212402351, -0.415172388806702, -0.5923162250164682, -0.00971505378184967, -0.5508126318249775, -0.3341457467413218, -0.2830323594959511, -0.05481794994435385, 0.052620719763922796, -0.15825310316750818, -0.33732657441858993, -0.20943571704058772]","[1000, 1000, 1000, 1000, 1000, 1000, 1000, 1000, 1000, 1000, 1000, 1000, 1000, 1000, 1000, 1000, 1000, 1000, 1000, 1000, 1000, 1000, 1000, 1000, 1000, 1000, 1000, 1000, 1000, 1000, 1000, 1000, 1000, 1000, 1000, 1000, 1000, 1000, 1000, 1000, 1000, 1000, 1000, 1000, 1000, 1000, 1000, 1000, 1000, 1000, 1000, 1000, 1000, 1000, 1000, 1000, 1000]",1203.588,6314.452,1778.708,4272.764,2.771,60800,60800,36.96,61.82000000000001,0.0,0.125,0.0016658912420044608,-0.004449790560950836,-0.00694244591674457,0.0018612239762054136,0.71717507,0.005051454971544444,-3.6234734813372294,0.0
0.7854520238788159,-0.7087116055643468,-0.118568205481768,1000.0,0,19,68400,False,57,9,8fbc600aff3c4223b91a7c1c7f534dde,2021-04-05_07-44-22,1617633862,2.946040391921997,26.870072841644287,471,5e08ae53878a,172.17.0.3,26.870072841644287,0,9,315ff_00001,"[-0.2288973538878556, -0.4729461843762158, -0.44271203554109656, -0.14506292724051706, 0.09217629031064001, -0.07240234596731654, -0.44167948850027844, -0.4220791661365624, -0.4231475584215553, -0.03975001707207626, -0.12368308490596513, -0.06658504746290195, 0.7854520238788159, 0.030037822618697252, -0.24990385450784203, 0.20916960816258467, 0.0915484229246617, -0.08852695125611076, -0.1440007597212859, 0.11203874158219085, -0.006590919878277757, 0.41931515191074387, 0.055974820742605624, 0.15689537290779576, -0.22012162505506905, -0.3858973240067497, -0.5686890212402351, -0.415172388806702, -0.5923162250164682, -0.00971505378184967, -0.5508126318249775, -0.3341457467413218, -0.2830323594959511, -0.05481794994435385, 0.052620719763922796, -0.15825310316750818, -0.33732657441858993, -0.20943571704058772, 0.08478649488082723, 0.18781938353852778, 0.20762421463907432, -0.01549841020967846, -0.38074979882699655, -0.19105568076311352, -0.49086331349781426, -0.4357286158234322, -0.05673933670162867, -0.1587771956648948, 0.22554438170800584, 0.23887718897377375, -0.18927568597517963, 0.17696470390905117, -0.055775526453808566, -0.7087116055643468, 0.41786201823886926, -0.16680773715058395, 0.034591248896135074]","[1000, 1000, 1000, 1000, 1000, 1000, 1000, 1000, 1000, 1000, 1000, 1000, 1000, 1000, 1000, 1000, 1000, 1000, 1000, 1000, 1000, 1000, 1000, 1000, 1000, 1000, 1000, 1000, 1000, 1000, 1000, 1000, 1000, 1000, 1000, 1000, 1000, 1000, 1000, 1000, 1000, 1000, 1000, 1000, 1000, 1000, 1000, 1000, 1000, 1000, 1000, 1000, 1000, 1000, 1000, 1000, 1000]",1193.164,6369.621,1784.16,4259.707,2.744,68400,68400,41.800000000000004,61.825,0.0,0.125,0.0016658912420044608,-0.0020616489045399552,-0.004889724826595435,0.0020872681925538927,0.81509674,0.005926448242583622,-3.6475386023521423,0.0
0.9200469972784813,-0.7087116055643468,-0.12807762364843614,1000.0,19,19,76000,False,76,10,8fbc600aff3c4223b91a7c1c7f534dde,2021-04-05_07-44-26,1617633866,3.0393810272216797,29.909453868865967,471,5e08ae53878a,172.17.0.3,29.909453868865967,0,10,315ff_00001,"[-0.3812767482471721, -0.0032548028298425846, -0.49974762538170275, -0.27091341324406304, 0.07883717949355229, -0.14841789497018854, -0.1579979231729, -0.22221829651467817, -0.3434101933375642, -0.1306644135146886, 0.09420954209525934, -0.32951863090293076, -0.5087199761007479, -0.4226765355896466, -0.4612969061621428, -0.20164392232865136, 0.049936667252563405, 0.9200469972784813, -0.03678478864330936, -0.2288973538878556, -0.4729461843762158, -0.44271203554109656, -0.14506292724051706, 0.09217629031064001, -0.07240234596731654, -0.44167948850027844, -0.4220791661365624, -0.4231475584215553, -0.03975001707207626, -0.12368308490596513, -0.06658504746290195, 0.7854520238788159, 0.030037822618697252, -0.24990385450784203, 0.20916960816258467, 0.0915484229246617, -0.08852695125611076, -0.1440007597212859, 0.11203874158219085, -0.006590919878277757, 0.41931515191074387, 0.055974820742605624, 0.15689537290779576, -0.22012162505506905, -0.3858973240067497, -0.5686890212402351, -0.415172388806702, -0.5923162250164682, -0.00971505378184967, -0.5508126318249775, -0.3341457467413218, -0.2830323594959511, -0.05481794994435385, 0.052620719763922796, -0.15825310316750818, -0.33732657441858993, -0.20943571704058772, 0.08478649488082723, 0.18781938353852778, 0.20762421463907432, -0.01549841020967846, -0.38074979882699655, -0.19105568076311352, -0.49086331349781426, -0.4357286158234322, -0.05673933670162867, -0.1587771956648948, 0.22554438170800584, 0.23887718897377375, -0.18927568597517963, 0.17696470390905117, -0.055775526453808566, -0.7087116055643468, 0.41786201823886926, -0.16680773715058395, 0.034591248896135074]","[1000, 1000, 1000, 1000, 1000, 1000, 1000, 1000, 1000, 1000, 1000, 1000, 1000, 1000, 1000, 1000, 1000, 1000, 1000, 1000, 1000, 1000, 1000, 1000, 1000, 1000, 1000, 1000, 1000, 1000, 1000, 1000, 1000, 1000, 1000, 1000, 1000, 1000, 1000, 1000, 1000, 1000, 1000, 1000, 1000, 1000, 1000, 1000, 1000, 1000, 1000, 1000, 1000, 1000, 1000, 1000, 1000, 1000, 1000, 1000, 1000, 1000, 1000, 1000, 1000, 1000, 1000, 1000, 1000, 1000, 1000, 1000, 1000, 1000, 1000, 1000]",1196.921,6349.626,1785.736,4255.948,2.736,76000,76000,45.45,61.825,0.0,0.125,0.0016658912420044608,-0.0030549058069785436,-0.006357481268544992,0.002677771218198662,0.7410414,0.004998426383826882,-3.6322707335154214,0.0
0.9200469972784813,-0.7087116055643468,-0.12807762364843617,1000.0,0,19,83600,False,76,11,8fbc600aff3c4223b91a7c1c7f534dde,2021-04-05_07-44-28,1617633868,2.8910646438598633,32.80051851272583,471,5e08ae53878a,172.17.0.3,32.80051851272583,0,11,315ff_00001,"[-0.2288973538878556, -0.4729461843762158, -0.44271203554109656, -0.14506292724051706, 0.09217629031064001, -0.07240234596731654, -0.44167948850027844, -0.4220791661365624, -0.4231475584215553, -0.03975001707207626, -0.12368308490596513, -0.06658504746290195, 0.7854520238788159, 0.030037822618697252, -0.24990385450784203, 0.20916960816258467, 0.0915484229246617, -0.08852695125611076, -0.1440007597212859, 0.11203874158219085, -0.006590919878277757, 0.41931515191074387, 0.055974820742605624, 0.15689537290779576, -0.22012162505506905, -0.3858973240067497, -0.5686890212402351, -0.415172388806702, -0.5923162250164682, -0.00971505378184967, -0.5508126318249775, -0.3341457467413218, -0.2830323594959511, -0.05481794994435385, 0.052620719763922796, -0.15825310316750818, -0.33732657441858993, -0.20943571704058772, 0.08478649488082723, 0.18781938353852778, 0.20762421463907432, -0.01549841020967846, -0.38074979882699655, -0.19105568076311352, -0.49086331349781426, -0.4357286158234322, -0.05673933670162867, -0.1587771956648948, 0.22554438170800584, 0.23887718897377375, -0.18927568597517963, 0.17696470390905117, -0.055775526453808566, -0.7087116055643468, 0.41786201823886926, -0.16680773715058395, 0.034591248896135074, -0.3812767482471721, -0.0032548028298425846, -0.49974762538170275, -0.27091341324406304, 0.07883717949355229, -0.14841789497018854, -0.1579979231729, -0.22221829651467817, -0.3434101933375642, -0.1306644135146886, 0.09420954209525934, -0.32951863090293076, -0.5087199761007479, -0.4226765355896466, -0.4612969061621428, -0.20164392232865136, 0.049936667252563405, 0.9200469972784813, -0.03678478864330936]","[1000, 1000, 1000, 1000, 1000, 1000, 1000, 1000, 1000, 1000, 1000, 1000, 1000, 1000, 1000, 1000, 1000, 1000, 1000, 1000, 1000, 1000, 1000, 1000, 1000, 1000, 1000, 1000, 1000, 1000, 1000, 1000, 1000, 1000, 1000, 1000, 1000, 1000, 1000, 1000, 1000, 1000, 1000, 1000, 1000, 1000, 1000, 1000, 1000, 1000, 1000, 1000, 1000, 1000, 1000, 1000, 1000, 1000, 1000, 1000, 1000, 1000, 1000, 1000, 1000, 1000, 1000, 1000, 1000, 1000, 1000, 1000, 1000, 1000, 1000, 1000]",1166.301,6516.33,1795.636,4232.483,2.744,83600,83600,41.425,61.8,0.0,0.0625,0.0016658912420044608,-0.0019598479305083555,-0.004384088019529979,0.0020092394261155277,0.8175723,0.006640039787938198,-3.6133207122484845,0.0
0.9200469972784813,-0.7087116055643468,-0.12807762364843617,1000.0,0,19,91200,False,76,12,8fbc600aff3c4223b91a7c1c7f534dde,2021-04-05_07-44-31,1617633871,2.9443225860595703,35.7448410987854,471,5e08ae53878a,172.17.0.3,35.7448410987854,0,12,315ff_00001,"[-0.2288973538878556, -0.4729461843762158, -0.44271203554109656, -0.14506292724051706, 0.09217629031064001, -0.07240234596731654, -0.44167948850027844, -0.4220791661365624, -0.4231475584215553, -0.03975001707207626, -0.12368308490596513, -0.06658504746290195, 0.7854520238788159, 0.030037822618697252, -0.24990385450784203, 0.20916960816258467, 0.0915484229246617, -0.08852695125611076, -0.1440007597212859, 0.11203874158219085, -0.006590919878277757, 0.41931515191074387, 0.055974820742605624, 0.15689537290779576, -0.22012162505506905, -0.3858973240067497, -0.5686890212402351, -0.415172388806702, -0.5923162250164682, -0.00971505378184967, -0.5508126318249775, -0.3341457467413218, -0.2830323594959511, -0.05481794994435385, 0.052620719763922796, -0.15825310316750818, -0.33732657441858993, -0.20943571704058772, 0.08478649488082723, 0.18781938353852778, 0.20762421463907432, -0.01549841020967846, -0.38074979882699655, -0.19105568076311352, -0.49086331349781426, -0.4357286158234322, -0.05673933670162867, -0.1587771956648948, 0.22554438170800584, 0.23887718897377375, -0.18927568597517963, 0.17696470390905117, -0.055775526453808566, -0.7087116055643468, 0.41786201823886926, -0.16680773715058395, 0.034591248896135074, -0.3812767482471721, -0.0032548028298425846, -0.49974762538170275, -0.27091341324406304, 0.07883717949355229, -0.14841789497018854, -0.1579979231729, -0.22221829651467817, -0.3434101933375642, -0.1306644135146886, 0.09420954209525934, -0.32951863090293076, -0.5087199761007479, -0.4226765355896466, -0.4612969061621428, -0.20164392232865136, 0.049936667252563405, 0.9200469972784813, -0.03678478864330936]","[1000, 1000, 1000, 1000, 1000, 1000, 1000, 1000, 1000, 1000, 1000, 1000, 1000, 1000, 1000, 1000, 1000, 1000, 1000, 1000, 1000, 1000, 1000, 1000, 1000, 1000, 1000, 1000, 1000, 1000, 1000, 1000, 1000, 1000, 1000, 1000, 1000, 1000, 1000, 1000, 1000, 1000, 1000, 1000, 1000, 1000, 1000, 1000, 1000, 1000, 1000, 1000, 1000, 1000, 1000, 1000, 1000, 1000, 1000, 1000, 1000, 1000, 1000, 1000, 1000, 1000, 1000, 1000, 1000, 1000, 1000, 1000, 1000, 1000, 1000, 1000]",1164.665,6525.482,1806.373,4207.327,2.744,91200,91200,34.99999999999999,61.8,0.0,0.0625,0.0016658912420044608,-0.005272254953160882,-0.0076028673443943266,0.0019643026636913417,0.8075717,0.005860977961371343,-3.5959352135658262,0.0
0.9200469972784813,-0.7087116055643468,-0.1265611560678782,1000.0,19,19,98800,False,95,13,8fbc600aff3c4223b91a7c1c7f534dde,2021-04-05_07-44-34,1617633874,3.0810537338256836,38.825894832611084,471,5e08ae53878a,172.17.0.3,38.825894832611084,0,13,315ff_00001,"[-0.2903870485067226, -0.07152982511261508, -0.45151958128620073, -0.3509598625492124, 0.04742222423784548, -0.19363290306765235, 0.1316657000888488, 0.0017835090996147773, -0.21621974800562627, -0.22460736199303355, -0.42802830914715695, -0.16533092884702438, 0.4955897780714693, -0.16659745262936032, -0.04351778445054655, -0.4455504417221595, -0.2058771937174615, 0.23052709938791427, 0.057359700981799655, -0.2288973538878556, -0.4729461843762158, -0.44271203554109656, -0.14506292724051706, 0.09217629031064001, -0.07240234596731654, -0.44167948850027844, -0.4220791661365624, -0.4231475584215553, -0.03975001707207626, -0.12368308490596513, -0.06658504746290195, 0.7854520238788159, 0.030037822618697252, -0.24990385450784203, 0.20916960816258467, 0.0915484229246617, -0.08852695125611076, -0.1440007597212859, 0.11203874158219085, -0.006590919878277757, 0.41931515191074387, 0.055974820742605624, 0.15689537290779576, -0.22012162505506905, -0.3858973240067497, -0.5686890212402351, -0.415172388806702, -0.5923162250164682, -0.00971505378184967, -0.5508126318249775, -0.3341457467413218, -0.2830323594959511, -0.05481794994435385, 0.052620719763922796, -0.15825310316750818, -0.33732657441858993, -0.20943571704058772, 0.08478649488082723, 0.18781938353852778, 0.20762421463907432, -0.01549841020967846, -0.38074979882699655, -0.19105568076311352, -0.49086331349781426, -0.4357286158234322, -0.05673933670162867, -0.1587771956648948, 0.22554438170800584, 0.23887718897377375, -0.18927568597517963, 0.17696470390905117, -0.055775526453808566, -0.7087116055643468, 0.41786201823886926, -0.16680773715058395, 0.034591248896135074, -0.3812767482471721, -0.0032548028298425846, -0.49974762538170275, -0.27091341324406304, 0.07883717949355229, -0.14841789497018854, -0.1579979231729, -0.22221829651467817, -0.3434101933375642, -0.1306644135146886, 0.09420954209525934, -0.32951863090293076, -0.5087199761007479, -0.4226765355896466, -0.4612969061621428, -0.20164392232865136, 0.049936667252563405, 0.9200469972784813, -0.03678478864330936]","[1000, 1000, 1000, 1000, 1000, 1000, 1000, 1000, 1000, 1000, 1000, 1000, 1000, 1000, 1000, 1000, 1000, 1000, 1000, 1000, 1000, 1000, 1000, 1000, 1000, 1000, 1000, 1000, 1000, 1000, 1000, 1000, 1000, 1000, 1000, 1000, 1000, 1000, 1000, 1000, 1000, 1000, 1000, 1000, 1000, 1000, 1000, 1000, 1000, 1000, 1000, 1000, 1000, 1000, 1000, 1000, 1000, 1000, 1000, 1000, 1000, 1000, 1000, 1000, 1000, 1000, 1000, 1000, 1000, 1000, 1000, 1000, 1000, 1000, 1000, 1000, 1000, 1000, 1000, 1000, 1000, 1000, 1000, 1000, 1000, 1000, 1000, 1000, 1000, 1000, 1000, 1000, 1000, 1000, 1000]",1170.24,6494.394,1799.806,4222.678,2.716,98800,98800,45.24999999999999,61.75,0.0,0.0625,0.0016658912420044608,-0.004682302180056771,-0.007593795750290155,0.0025425089232157918,0.60946757,0.005903776758350432,-3.6836079796155294,0.0
0.9200469972784813,-0.7087116055643468,-0.1265611560678782,1000.0,0,19,106400,False,95,14,8fbc600aff3c4223b91a7c1c7f534dde,2021-04-05_07-44-37,1617633877,2.9214513301849365,41.74734616279602,471,5e08ae53878a,172.17.0.3,41.74734616279602,0,14,315ff_00001,"[-0.2288973538878556, -0.4729461843762158, -0.44271203554109656, -0.14506292724051706, 0.09217629031064001, -0.07240234596731654, -0.44167948850027844, -0.4220791661365624, -0.4231475584215553, -0.03975001707207626, -0.12368308490596513, -0.06658504746290195, 0.7854520238788159, 0.030037822618697252, -0.24990385450784203, 0.20916960816258467, 0.0915484229246617, -0.08852695125611076, -0.1440007597212859, 0.11203874158219085, -0.006590919878277757, 0.41931515191074387, 0.055974820742605624, 0.15689537290779576, -0.22012162505506905, -0.3858973240067497, -0.5686890212402351, -0.415172388806702, -0.5923162250164682, -0.00971505378184967, -0.5508126318249775, -0.3341457467413218, -0.2830323594959511, -0.05481794994435385, 0.052620719763922796, -0.15825310316750818, -0.33732657441858993, -0.20943571704058772, 0.08478649488082723, 0.18781938353852778, 0.20762421463907432, -0.01549841020967846, -0.38074979882699655, -0.19105568076311352, -0.49086331349781426, -0.4357286158234322, -0.05673933670162867, -0.1587771956648948, 0.22554438170800584, 0.23887718897377375, -0.18927568597517963, 0.17696470390905117, -0.055775526453808566, -0.7087116055643468, 0.41786201823886926, -0.16680773715058395, 0.034591248896135074, -0.3812767482471721, -0.0032548028298425846, -0.49974762538170275, -0.27091341324406304, 0.07883717949355229, -0.14841789497018854, -0.1579979231729, -0.22221829651467817, -0.3434101933375642, -0.1306644135146886, 0.09420954209525934, -0.32951863090293076, -0.5087199761007479, -0.4226765355896466, -0.4612969061621428, -0.20164392232865136, 0.049936667252563405, 0.9200469972784813, -0.03678478864330936, -0.2903870485067226, -0.07152982511261508, -0.45151958128620073, -0.3509598625492124, 0.04742222423784548, -0.19363290306765235, 0.1316657000888488, 0.0017835090996147773, -0.21621974800562627, -0.22460736199303355, -0.42802830914715695, -0.16533092884702438, 0.4955897780714693, -0.16659745262936032, -0.04351778445054655, -0.4455504417221595, -0.2058771937174615, 0.23052709938791427, 0.057359700981799655]","[1000, 1000, 1000, 1000, 1000, 1000, 1000, 1000, 1000, 1000, 1000, 1000, 1000, 1000, 1000, 1000, 1000, 1000, 1000, 1000, 1000, 1000, 1000, 1000, 1000, 1000, 1000, 1000, 1000, 1000, 1000, 1000, 1000, 1000, 1000, 1000, 1000, 1000, 1000, 1000, 1000, 1000, 1000, 1000, 1000, 1000, 1000, 1000, 1000, 1000, 1000, 1000, 1000, 1000, 1000, 1000, 1000, 1000, 1000, 1000, 1000, 1000, 1000, 1000, 1000, 1000, 1000, 1000, 1000, 1000, 1000, 1000, 1000, 1000, 1000, 1000, 1000, 1000, 1000, 1000, 1000, 1000, 1000, 1000, 1000, 1000, 1000, 1000, 1000, 1000, 1000, 1000, 1000, 1000, 1000]",1171.351,6488.233,1801.301,4219.172,2.728,106400,106400,41.775,61.8,0.0,0.0625,0.0016658912420044608,-0.003750720247626305,-0.006093871321839591,0.0020145288590962688,0.7101706,0.005257959136118492,-3.6490089734395346,0.0
0.9200469972784813,-0.7087116055643468,-0.1458101881561218,1000.0,19,19,114000,False,114,15,8fbc600aff3c4223b91a7c1c7f534dde,2021-04-05_07-44-40,1617633880,3.011601209640503,44.75894737243652,471,5e08ae53878a,172.17.0.3,44.75894737243652,0,15,315ff_00001,"[-0.15423442917552876, -0.4032489804981806, -0.5295032308623291, -0.29831129276876067, 0.7012989702010053, -0.3030706571022155, -0.26814314140560724, -0.5900555371728954, 0.345102904031523, -0.10439610299790891, -0.3418617537295705, -0.2828848528587159, -0.1670341218275725, -0.5911759896525459, 0.2056312524620283, -0.49626090253855937, -0.269071880130341, -0.468840531511529, -0.5129277843302333, -0.24990385450784203, 0.20916960816258467, 0.0915484229246617, -0.08852695125611076, -0.1440007597212859, 0.11203874158219085, -0.006590919878277757, 0.41931515191074387, 0.055974820742605624, 0.15689537290779576, -0.22012162505506905, -0.3858973240067497, -0.5686890212402351, -0.415172388806702, -0.5923162250164682, -0.00971505378184967, -0.5508126318249775, -0.3341457467413218, -0.2830323594959511, -0.05481794994435385, 0.052620719763922796, -0.15825310316750818, -0.33732657441858993, -0.20943571704058772, 0.08478649488082723, 0.18781938353852778, 0.20762421463907432, -0.01549841020967846, -0.38074979882699655, -0.19105568076311352, -0.49086331349781426, -0.4357286158234322, -0.05673933670162867, -0.1587771956648948, 0.22554438170800584, 0.23887718897377375, -0.18927568597517963, 0.17696470390905117, -0.055775526453808566, -0.7087116055643468, 0.41786201823886926, -0.16680773715058395, 0.034591248896135074, -0.3812767482471721, -0.0032548028298425846, -0.49974762538170275, -0.27091341324406304, 0.07883717949355229, -0.14841789497018854, -0.1579979231729, -0.22221829651467817, -0.3434101933375642, -0.1306644135146886, 0.09420954209525934, -0.32951863090293076, -0.5087199761007479, -0.4226765355896466, -0.4612969061621428, -0.20164392232865136, 0.049936667252563405, 0.9200469972784813, -0.03678478864330936, -0.2903870485067226, -0.07152982511261508, -0.45151958128620073, -0.3509598625492124, 0.04742222423784548, -0.19363290306765235, 0.1316657000888488, 0.0017835090996147773, -0.21621974800562627, -0.22460736199303355, -0.42802830914715695, -0.16533092884702438, 0.4955897780714693, -0.16659745262936032, -0.04351778445054655, -0.4455504417221595, -0.2058771937174615, 0.23052709938791427, 0.057359700981799655]","[1000, 1000, 1000, 1000, 1000, 1000, 1000, 1000, 1000, 1000, 1000, 1000, 1000, 1000, 1000, 1000, 1000, 1000, 1000, 1000, 1000, 1000, 1000, 1000, 1000, 1000, 1000, 1000, 1000, 1000, 1000, 1000, 1000, 1000, 1000, 1000, 1000, 1000, 1000, 1000, 1000, 1000, 1000, 1000, 1000, 1000, 1000, 1000, 1000, 1000, 1000, 1000, 1000, 1000, 1000, 1000, 1000, 1000, 1000, 1000, 1000, 1000, 1000, 1000, 1000, 1000, 1000, 1000, 1000, 1000, 1000, 1000, 1000, 1000, 1000, 1000, 1000, 1000, 1000, 1000, 1000, 1000, 1000, 1000, 1000, 1000, 1000, 1000, 1000, 1000, 1000, 1000, 1000, 1000, 1000, 1000, 1000, 1000, 1000, 1000]",1169.576,6498.083,1804.087,4212.658,2.759,114000,114000,37.78,61.8,0.0,0.0625,0.0016658912420044608,-0.0008625293926646312,-0.0031259684357792137,0.001926999120041728,0.7447483,0.005383048536411176,-3.701651438077291,0.0
0.9200469972784813,-0.7087116055643468,-0.14581018815612176,1000.0,0,19,121600,False,114,16,8fbc600aff3c4223b91a7c1c7f534dde,2021-04-05_07-44-43,1617633883,2.903954267501831,47.662901639938354,471,5e08ae53878a,172.17.0.3,47.662901639938354,0,16,315ff_00001,"[-0.24990385450784203, 0.20916960816258467, 0.0915484229246617, -0.08852695125611076, -0.1440007597212859, 0.11203874158219085, -0.006590919878277757, 0.41931515191074387, 0.055974820742605624, 0.15689537290779576, -0.22012162505506905, -0.3858973240067497, -0.5686890212402351, -0.415172388806702, -0.5923162250164682, -0.00971505378184967, -0.5508126318249775, -0.3341457467413218, -0.2830323594959511, -0.05481794994435385, 0.052620719763922796, -0.15825310316750818, -0.33732657441858993, -0.20943571704058772, 0.08478649488082723, 0.18781938353852778, 0.20762421463907432, -0.01549841020967846, -0.38074979882699655, -0.19105568076311352, -0.49086331349781426, -0.4357286158234322, -0.05673933670162867, -0.1587771956648948, 0.22554438170800584, 0.23887718897377375, -0.18927568597517963, 0.17696470390905117, -0.055775526453808566, -0.7087116055643468, 0.41786201823886926, -0.16680773715058395, 0.034591248896135074, -0.3812767482471721, -0.0032548028298425846, -0.49974762538170275, -0.27091341324406304, 0.07883717949355229, -0.14841789497018854, -0.1579979231729, -0.22221829651467817, -0.3434101933375642, -0.1306644135146886, 0.09420954209525934, -0.32951863090293076, -0.5087199761007479, -0.4226765355896466, -0.4612969061621428, -0.20164392232865136, 0.049936667252563405, 0.9200469972784813, -0.03678478864330936, -0.2903870485067226, -0.07152982511261508, -0.45151958128620073, -0.3509598625492124, 0.04742222423784548, -0.19363290306765235, 0.1316657000888488, 0.0017835090996147773, -0.21621974800562627, -0.22460736199303355, -0.42802830914715695, -0.16533092884702438, 0.4955897780714693, -0.16659745262936032, -0.04351778445054655, -0.4455504417221595, -0.2058771937174615, 0.23052709938791427, 0.057359700981799655, -0.15423442917552876, -0.4032489804981806, -0.5295032308623291, -0.29831129276876067, 0.7012989702010053, -0.3030706571022155, -0.26814314140560724, -0.5900555371728954, 0.345102904031523, -0.10439610299790891, -0.3418617537295705, -0.2828848528587159, -0.1670341218275725, -0.5911759896525459, 0.2056312524620283, -0.49626090253855937, -0.269071880130341, -0.468840531511529, -0.5129277843302333]","[1000, 1000, 1000, 1000, 1000, 1000, 1000, 1000, 1000, 1000, 1000, 1000, 1000, 1000, 1000, 1000, 1000, 1000, 1000, 1000, 1000, 1000, 1000, 1000, 1000, 1000, 1000, 1000, 1000, 1000, 1000, 1000, 1000, 1000, 1000, 1000, 1000, 1000, 1000, 1000, 1000, 1000, 1000, 1000, 1000, 1000, 1000, 1000, 1000, 1000, 1000, 1000, 1000, 1000, 1000, 1000, 1000, 1000, 1000, 1000, 1000, 1000, 1000, 1000, 1000, 1000, 1000, 1000, 1000, 1000, 1000, 1000, 1000, 1000, 1000, 1000, 1000, 1000, 1000, 1000, 1000, 1000, 1000, 1000, 1000, 1000, 1000, 1000, 1000, 1000, 1000, 1000, 1000, 1000, 1000, 1000, 1000, 1000, 1000, 1000]",1165.54,6520.582,1804.6,4211.46,2.712,121600,121600,41.449999999999996,61.8,0.0,0.0625,0.0016658912420044608,-0.0009219483550017078,-0.0037846531563748916,0.00249289766070433,0.7735529,0.005916917537494252,-3.6686459024747213,0.0
0.9200469972784813,-0.7087116055643468,-0.14581018815612176,1000.0,0,19,129200,False,114,17,8fbc600aff3c4223b91a7c1c7f534dde,2021-04-05_07-44-46,1617633886,2.89550518989563,50.558406829833984,471,5e08ae53878a,172.17.0.3,50.558406829833984,0,17,315ff_00001,"[-0.24990385450784203, 0.20916960816258467, 0.0915484229246617, -0.08852695125611076, -0.1440007597212859, 0.11203874158219085, -0.006590919878277757, 0.41931515191074387, 0.055974820742605624, 0.15689537290779576, -0.22012162505506905, -0.3858973240067497, -0.5686890212402351, -0.415172388806702, -0.5923162250164682, -0.00971505378184967, -0.5508126318249775, -0.3341457467413218, -0.2830323594959511, -0.05481794994435385, 0.052620719763922796, -0.15825310316750818, -0.33732657441858993, -0.20943571704058772, 0.08478649488082723, 0.18781938353852778, 0.20762421463907432, -0.01549841020967846, -0.38074979882699655, -0.19105568076311352, -0.49086331349781426, -0.4357286158234322, -0.05673933670162867, -0.1587771956648948, 0.22554438170800584, 0.23887718897377375, -0.18927568597517963, 0.17696470390905117, -0.055775526453808566, -0.7087116055643468, 0.41786201823886926, -0.16680773715058395, 0.034591248896135074, -0.3812767482471721, -0.0032548028298425846, -0.49974762538170275, -0.27091341324406304, 0.07883717949355229, -0.14841789497018854, -0.1579979231729, -0.22221829651467817, -0.3434101933375642, -0.1306644135146886, 0.09420954209525934, -0.32951863090293076, -0.5087199761007479, -0.4226765355896466, -0.4612969061621428, -0.20164392232865136, 0.049936667252563405, 0.9200469972784813, -0.03678478864330936, -0.2903870485067226, -0.07152982511261508, -0.45151958128620073, -0.3509598625492124, 0.04742222423784548, -0.19363290306765235, 0.1316657000888488, 0.0017835090996147773, -0.21621974800562627, -0.22460736199303355, -0.42802830914715695, -0.16533092884702438, 0.4955897780714693, -0.16659745262936032, -0.04351778445054655, -0.4455504417221595, -0.2058771937174615, 0.23052709938791427, 0.057359700981799655, -0.15423442917552876, -0.4032489804981806, -0.5295032308623291, -0.29831129276876067, 0.7012989702010053, -0.3030706571022155, -0.26814314140560724, -0.5900555371728954, 0.345102904031523, -0.10439610299790891, -0.3418617537295705, -0.2828848528587159, -0.1670341218275725, -0.5911759896525459, 0.2056312524620283, -0.49626090253855937, -0.269071880130341, -0.468840531511529, -0.5129277843302333]","[1000, 1000, 1000, 1000, 1000, 1000, 1000, 1000, 1000, 1000, 1000, 1000, 1000, 1000, 1000, 1000, 1000, 1000, 1000, 1000, 1000, 1000, 1000, 1000, 1000, 1000, 1000, 1000, 1000, 1000, 1000, 1000, 1000, 1000, 1000, 1000, 1000, 1000, 1000, 1000, 1000, 1000, 1000, 1000, 1000, 1000, 1000, 1000, 1000, 1000, 1000, 1000, 1000, 1000, 1000, 1000, 1000, 1000, 1000, 1000, 1000, 1000, 1000, 1000, 1000, 1000, 1000, 1000, 1000, 1000, 1000, 1000, 1000, 1000, 1000, 1000, 1000, 1000, 1000, 1000, 1000, 1000, 1000, 1000, 1000, 1000, 1000, 1000, 1000, 1000, 1000, 1000, 1000, 1000, 1000, 1000, 1000, 1000, 1000, 1000]",1163.246,6533.444,1798.827,4224.974,2.729,129200,129200,41.550000000000004,61.8,0.0,0.0625,0.0016658912420044608,-0.004964016083007058,-0.007907643696914117,0.0024982329244570187,0.7206481,0.007126336622362336,-3.6254817605018617,0.0
nan,nan,nan,nan,0,19,136800,False,114,18,8fbc600aff3c4223b91a7c1c7f534dde,2021-04-05_07-47-00,1617634020,3.3300604820251465,53.88846731185913,1494,5e08ae53878a,172.17.0.3,3.3300604820251465,0,1,315ff_00001,[],[],1281.697,5929.64,2041.676,3722.432,2.358,136800,136800,52.67999999999999,61.54,0.0,1.0,0.0016658912420044608,-0.0020886111228416364,-0.007360367337241769,0.0022525600953182826,0.8313866,0.0030191972890558343,-3.7299134890238443,0.0
nan,nan,nan,nan,0,19,144400,False,114,19,8fbc600aff3c4223b91a7c1c7f534dde,2021-04-05_07-47-03,1617634023,3.230963706970215,57.119431018829346,1494,5e08ae53878a,172.17.0.3,6.561024188995361,0,2,315ff_00001,[],[],1201.395,6325.977,2071.669,3668.54,2.59,144400,144400,35.44,61.7,0.0,0.5,0.0016658912420044608,-0.0009254215595622858,-0.0059540439241876205,0.0028813488238180677,0.6997773,0.004294547019526362,-3.6972524245580036,0.0
1.6746518492464024,-0.3923474309882123,0.12239436869375757,1000.0,19,19,152000,False,133,20,8fbc600aff3c4223b91a7c1c7f534dde,2021-04-05_07-47-06,1617634026,3.3952956199645996,60.514726638793945,1494,5e08ae53878a,172.17.0.3,9.956319808959961,0,3,315ff_00001,"[-0.15573237027831488, 1.6746518492464024, 0.4141270729297557, 0.5600635852965323, -0.3923474309882123, -0.11991067777838904, -0.20169591891925265, 0.8182737995981089, -0.2585946099233339, -0.0914186796917229, 0.5122667742555558, -0.3365992637853594, -0.3918063418629605, 0.37003759156473204, 0.48378008597215416, -0.08295359210258813, -0.2941139803241172, -0.2701939718904249, 0.08765908386282817]","[1000, 1000, 1000, 1000, 1000, 1000, 1000, 1000, 1000, 1000, 1000, 1000, 1000, 1000, 1000, 1000, 1000, 1000, 1000]",1209.352,6284.358,2101.689,3616.138,2.527,152000,152000,37.62,61.760000000000005,0.0,0.25,0.0016658912420044608,0.0006579011057813962,-0.004653487540781498,0.004136156403304388,0.60755503,0.004700936834948758,-3.709131383895874,0.0
1.6746518492464024,-0.3923474309882123,0.12239436869375757,1000.0,0,19,159600,False,133,21,8fbc600aff3c4223b91a7c1c7f534dde,2021-04-05_07-47-10,1617634030,3.265178680419922,63.77990531921387,1494,5e08ae53878a,172.17.0.3,13.221498489379883,0,4,315ff_00001,"[-0.15573237027831488, 1.6746518492464024, 0.4141270729297557, 0.5600635852965323, -0.3923474309882123, -0.11991067777838904, -0.20169591891925265, 0.8182737995981089, -0.2585946099233339, -0.0914186796917229, 0.5122667742555558, -0.3365992637853594, -0.3918063418629605, 0.37003759156473204, 0.48378008597215416, -0.08295359210258813, -0.2941139803241172, -0.2701939718904249, 0.08765908386282817]","[1000, 1000, 1000, 1000, 1000, 1000, 1000, 1000, 1000, 1000, 1000, 1000, 1000, 1000, 1000, 1000, 1000, 1000, 1000]",1193.266,6369.075,2104.196,3611.83,2.61,159600,159600,41.85,61.8,0.0,0.125,0.0016658912420044608,-0.0037780729510510963,-0.007075545440117518,0.0024927476847854753,0.8257095,0.006437802780419588,-3.7353034734725954,0.0
1.6746518492464024,-0.44390166643154927,0.09012254493706333,1000.0,19,19,167200,False,152,22,8fbc600aff3c4223b91a7c1c7f534dde,2021-04-05_07-47-13,1617634033,3.3483519554138184,67.12825727462769,1494,5e08ae53878a,172.17.0.3,16.5698504447937,0,5,315ff_00001,"[-0.024100551549019023, 0.46979789151615137, 0.4446371062986312, 0.15506982273877634, -0.058381154473359786, -0.36855843532199717, 0.47565735416021737, -0.3740444367901381, -0.12610137799310128, -0.07741099364313275, 0.13081633595608988, 0.47321352316487375, 0.6711516080218483, -0.03990852020651947, -0.3633081542750375, -0.29037130666701605, -0.44390166643154927, 0.516167473984779, -0.071260816063484, -0.15573237027831488, 1.6746518492464024, 0.4141270729297557, 0.5600635852965323, -0.3923474309882123, -0.11991067777838904, -0.20169591891925265, 0.8182737995981089, -0.2585946099233339, -0.0914186796917229, 0.5122667742555558, -0.3365992637853594, -0.3918063418629605, 0.37003759156473204, 0.48378008597215416, -0.08295359210258813, -0.2941139803241172, -0.2701939718904249, 0.08765908386282817]","[1000, 1000, 1000, 1000, 1000, 1000, 1000, 1000, 1000, 1000, 1000, 1000, 1000, 1000, 1000, 1000, 1000, 1000, 1000, 1000, 1000, 1000, 1000, 1000, 1000, 1000, 1000, 1000, 1000, 1000, 1000, 1000, 1000, 1000, 1000, 1000, 1000, 1000]",1202.784,6318.676,2103.043,3613.81,2.665,167200,167200,37.54,61.8,0.0,0.125,0.0016658912420044608,-0.0017994239693507551,-0.005116624757647514,0.002644980774493888,0.6679716,0.005377754049065212,-3.797705340385437,0.0
1.6746518492464024,-0.44390166643154927,0.09012254493706333,1000.0,0,19,174800,False,152,23,8fbc600aff3c4223b91a7c1c7f534dde,2021-04-05_07-47-16,1617634036,3.27874755859375,70.40700483322144,1494,5e08ae53878a,172.17.0.3,19.84859800338745,0,6,315ff_00001,"[-0.15573237027831488, 1.6746518492464024, 0.4141270729297557, 0.5600635852965323, -0.3923474309882123, -0.11991067777838904, -0.20169591891925265, 0.8182737995981089, -0.2585946099233339, -0.0914186796917229, 0.5122667742555558, -0.3365992637853594, -0.3918063418629605, 0.37003759156473204, 0.48378008597215416, -0.08295359210258813, -0.2941139803241172, -0.2701939718904249, 0.08765908386282817, -0.024100551549019023, 0.46979789151615137, 0.4446371062986312, 0.15506982273877634, -0.058381154473359786, -0.36855843532199717, 0.47565735416021737, -0.3740444367901381, -0.12610137799310128, -0.07741099364313275, 0.13081633595608988, 0.47321352316487375, 0.6711516080218483, -0.03990852020651947, -0.3633081542750375, -0.29037130666701605, -0.44390166643154927, 0.516167473984779, -0.071260816063484]","[1000, 1000, 1000, 1000, 1000, 1000, 1000, 1000, 1000, 1000, 1000, 1000, 1000, 1000, 1000, 1000, 1000, 1000, 1000, 1000, 1000, 1000, 1000, 1000, 1000, 1000, 1000, 1000, 1000, 1000, 1000, 1000, 1000, 1000, 1000, 1000, 1000, 1000]",1186.908,6403.195,2112.995,3596.79,2.723,174800,174800,35.6,61.8,0.0,0.125,0.0016658912420044608,-0.002178890242551764,-0.005174052187552055,0.0022609407800094536,0.8543718,0.0058737539841483034,-3.7980196793874104,0.0
1.6746518492464024,-0.44390166643154927,0.09012254493706333,1000.0,0,19,182400,False,152,24,8fbc600aff3c4223b91a7c1c7f534dde,2021-04-05_07-47-20,1617634040,3.3305201530456543,73.73752498626709,1494,5e08ae53878a,172.17.0.3,23.179118156433105,0,7,315ff_00001,"[-0.15573237027831488, 1.6746518492464024, 0.4141270729297557, 0.5600635852965323, -0.3923474309882123, -0.11991067777838904, -0.20169591891925265, 0.8182737995981089, -0.2585946099233339, -0.0914186796917229, 0.5122667742555558, -0.3365992637853594, -0.3918063418629605, 0.37003759156473204, 0.48378008597215416, -0.08295359210258813, -0.2941139803241172, -0.2701939718904249, 0.08765908386282817, -0.024100551549019023, 0.46979789151615137, 0.4446371062986312, 0.15506982273877634, -0.058381154473359786, -0.36855843532199717, 0.47565735416021737, -0.3740444367901381, -0.12610137799310128, -0.07741099364313275, 0.13081633595608988, 0.47321352316487375, 0.6711516080218483, -0.03990852020651947, -0.3633081542750375, -0.29037130666701605, -0.44390166643154927, 0.516167473984779, -0.071260816063484]","[1000, 1000, 1000, 1000, 1000, 1000, 1000, 1000, 1000, 1000, 1000, 1000, 1000, 1000, 1000, 1000, 1000, 1000, 1000, 1000, 1000, 1000, 1000, 1000, 1000, 1000, 1000, 1000, 1000, 1000, 1000, 1000, 1000, 1000, 1000, 1000, 1000, 1000]",1179.44,6443.735,2123.635,3578.769,2.78,182400,182400,35.14,61.8,0.0,0.125,0.0016658912420044608,-0.004095748788677156,-0.007519644669567545,0.00265621142849947,0.7972628,0.00614146541726465,-3.7769249081611633,0.0
1.6746518492464024,-0.44390166643154927,0.1241276939062877,1000.0,19,19,190000,False,171,25,8fbc600aff3c4223b91a7c1c7f534dde,2021-04-05_07-47-23,1617634043,3.3834822177886963,77.12100720405579,1494,5e08ae53878a,172.17.0.3,26.5626003742218,0,8,315ff_00001,"[1.2466253810904653, 0.562082210959395, 0.23245756102064696, -0.21448389406058188, 0.45994396795815984, 0.08154577919016082, -0.07198562180557078, 0.025558700116501853, 0.2325135577898667, 0.5287028615379294, 0.39439511141931294, 0.0922813037150616, 0.3330772826342556, -0.1054294407623404, 0.1205312400894265, 0.18206699845691876, -0.17254083627743, -0.11755079234758015, -0.15916952567460452, -0.15573237027831488, 1.6746518492464024, 0.4141270729297557, 0.5600635852965323, -0.3923474309882123, -0.11991067777838904, -0.20169591891925265, 0.8182737995981089, -0.2585946099233339, -0.0914186796917229, 0.5122667742555558, -0.3365992637853594, -0.3918063418629605, 0.37003759156473204, 0.48378008597215416, -0.08295359210258813, -0.2941139803241172, -0.2701939718904249, 0.08765908386282817, -0.024100551549019023, 0.46979789151615137, 0.4446371062986312, 0.15506982273877634, -0.058381154473359786, -0.36855843532199717, 0.47565735416021737, -0.3740444367901381, -0.12610137799310128, -0.07741099364313275, 0.13081633595608988, 0.47321352316487375, 0.6711516080218483, -0.03990852020651947, -0.3633081542750375, -0.29037130666701605, -0.44390166643154927, 0.516167473984779, -0.071260816063484]","[1000, 1000, 1000, 1000, 1000, 1000, 1000, 1000, 1000, 1000, 1000, 1000, 1000, 1000, 1000, 1000, 1000, 1000, 1000, 1000, 1000, 1000, 1000, 1000, 1000, 1000, 1000, 1000, 1000, 1000, 1000, 1000, 1000, 1000, 1000, 1000, 1000, 1000, 1000, 1000, 1000, 1000, 1000, 1000, 1000, 1000, 1000, 1000, 1000, 1000, 1000, 1000, 1000, 1000, 1000, 1000, 1000]",1186.913,6403.165,2125.127,3576.257,2.762,190000,190000,37.959999999999994,61.8,0.0,0.125,0.0016658912420044608,-0.0008501367565865318,-0.003688905294984579,0.0021838181283480177,0.7600519,0.005239605472888797,-3.82384862502416,0.0
1.6746518492464024,-0.44390166643154927,0.12412769390628772,1000.0,0,19,197600,False,171,26,8fbc600aff3c4223b91a7c1c7f534dde,2021-04-05_07-47-26,1617634046,3.260594129562378,80.38160133361816,1494,5e08ae53878a,172.17.0.3,29.82319450378418,0,9,315ff_00001,"[-0.15573237027831488, 1.6746518492464024, 0.4141270729297557, 0.5600635852965323, -0.3923474309882123, -0.11991067777838904, -0.20169591891925265, 0.8182737995981089, -0.2585946099233339, -0.0914186796917229, 0.5122667742555558, -0.3365992637853594, -0.3918063418629605, 0.37003759156473204, 0.48378008597215416, -0.08295359210258813, -0.2941139803241172, -0.2701939718904249, 0.08765908386282817, -0.024100551549019023, 0.46979789151615137, 0.4446371062986312, 0.15506982273877634, -0.058381154473359786, -0.36855843532199717, 0.47565735416021737, -0.3740444367901381, -0.12610137799310128, -0.07741099364313275, 0.13081633595608988, 0.47321352316487375, 0.6711516080218483, -0.03990852020651947, -0.3633081542750375, -0.29037130666701605, -0.44390166643154927, 0.516167473984779, -0.071260816063484, 1.2466253810904653, 0.562082210959395, 0.23245756102064696, -0.21448389406058188, 0.45994396795815984, 0.08154577919016082, -0.07198562180557078, 0.025558700116501853, 0.2325135577898667, 0.5287028615379294, 0.39439511141931294, 0.0922813037150616, 0.3330772826342556, -0.1054294407623404, 0.1205312400894265, 0.18206699845691876, -0.17254083627743, -0.11755079234758015, -0.15916952567460452]","[1000, 1000, 1000, 1000, 1000, 1000, 1000, 1000, 1000, 1000, 1000, 1000, 1000, 1000, 1000, 1000, 1000, 1000, 1000, 1000, 1000, 1000, 1000, 1000, 1000, 1000, 1000, 1000, 1000, 1000, 1000, 1000, 1000, 1000, 1000, 1000, 1000, 1000, 1000, 1000, 1000, 1000, 1000, 1000, 1000, 1000, 1000, 1000, 1000, 1000, 1000, 1000, 1000, 1000, 1000, 1000, 1000]",1179.161,6445.261,2126.259,3574.353,2.772,197600,197600,41.6,61.8,0.0,0.125,0.0016658912420044608,-0.0003962021010617415,-0.0037790046849598487,0.002668722689850256,0.8149126,0.005712659831624478,-3.886645273367564,0.0
1.6746518492464024,-0.46662324472836225,0.14696821343811775,1000.0,19,19,205200,False,190,27,8fbc600aff3c4223b91a7c1c7f534dde,2021-04-05_07-47-30,1617634050,3.420185089111328,83.80178642272949,1494,5e08ae53878a,172.17.0.3,33.24337959289551,0,10,315ff_00001,"[0.9160541317987725, -0.12949977110099098, -0.039261709661134514, 0.30030422209312735, 0.15733847880413432, -0.12686557748439564, 0.6334066971816901, 0.9888199523211627, 1.0132759822447746, 0.04159309016203028, -0.46662324472836225, 0.061154875181511414, 0.3189303955316243, -0.26575307594644715, 0.047282831864568164, 0.5379723819836404, -0.14140012020819548, -0.2187706937566567, 0.4663468223576952, -0.15573237027831488, 1.6746518492464024, 0.4141270729297557, 0.5600635852965323, -0.3923474309882123, -0.11991067777838904, -0.20169591891925265, 0.8182737995981089, -0.2585946099233339, -0.0914186796917229, 0.5122667742555558, -0.3365992637853594, -0.3918063418629605, 0.37003759156473204, 0.48378008597215416, -0.08295359210258813, -0.2941139803241172, -0.2701939718904249, 0.08765908386282817, -0.024100551549019023, 0.46979789151615137, 0.4446371062986312, 0.15506982273877634, -0.058381154473359786, -0.36855843532199717, 0.47565735416021737, -0.3740444367901381, -0.12610137799310128, -0.07741099364313275, 0.13081633595608988, 0.47321352316487375, 0.6711516080218483, -0.03990852020651947, -0.3633081542750375, -0.29037130666701605, -0.44390166643154927, 0.516167473984779, -0.071260816063484, 1.2466253810904653, 0.562082210959395, 0.23245756102064696, -0.21448389406058188, 0.45994396795815984, 0.08154577919016082, -0.07198562180557078, 0.025558700116501853, 0.2325135577898667, 0.5287028615379294, 0.39439511141931294, 0.0922813037150616, 0.3330772826342556, -0.1054294407623404, 0.1205312400894265, 0.18206699845691876, -0.17254083627743, -0.11755079234758015, -0.15916952567460452]","[1000, 1000, 1000, 1000, 1000, 1000, 1000, 1000, 1000, 1000, 1000, 1000, 1000, 1000, 1000, 1000, 1000, 1000, 1000, 1000, 1000, 1000, 1000, 1000, 1000, 1000, 1000, 1000, 1000, 1000, 1000, 1000, 1000, 1000, 1000, 1000, 1000, 1000, 1000, 1000, 1000, 1000, 1000, 1000, 1000, 1000, 1000, 1000, 1000, 1000, 1000, 1000, 1000, 1000, 1000, 1000, 1000, 1000, 1000, 1000, 1000, 1000, 1000, 1000, 1000, 1000, 1000, 1000, 1000, 1000, 1000, 1000, 1000, 1000, 1000, 1000]",1183.393,6422.212,2132.645,3563.65,2.765,205200,205200,37.96,61.8,0.0,0.125,0.0016658912420044608,-0.0010804033062110344,-0.004786660770575205,0.003147923880411933,0.6995531,0.004466680879704654,-3.925383941332499,0.0
1.6746518492464024,-0.46662324472836225,0.14696821343811772,1000.0,0,19,212800,False,190,28,8fbc600aff3c4223b91a7c1c7f534dde,2021-04-05_07-47-33,1617634053,3.317835569381714,87.1196219921112,1494,5e08ae53878a,172.17.0.3,36.56121516227722,0,11,315ff_00001,"[-0.15573237027831488, 1.6746518492464024, 0.4141270729297557, 0.5600635852965323, -0.3923474309882123, -0.11991067777838904, -0.20169591891925265, 0.8182737995981089, -0.2585946099233339, -0.0914186796917229, 0.5122667742555558, -0.3365992637853594, -0.3918063418629605, 0.37003759156473204, 0.48378008597215416, -0.08295359210258813, -0.2941139803241172, -0.2701939718904249, 0.08765908386282817, -0.024100551549019023, 0.46979789151615137, 0.4446371062986312, 0.15506982273877634, -0.058381154473359786, -0.36855843532199717, 0.47565735416021737, -0.3740444367901381, -0.12610137799310128, -0.07741099364313275, 0.13081633595608988, 0.47321352316487375, 0.6711516080218483, -0.03990852020651947, -0.3633081542750375, -0.29037130666701605, -0.44390166643154927, 0.516167473984779, -0.071260816063484, 1.2466253810904653, 0.562082210959395, 0.23245756102064696, -0.21448389406058188, 0.45994396795815984, 0.08154577919016082, -0.07198562180557078, 0.025558700116501853, 0.2325135577898667, 0.5287028615379294, 0.39439511141931294, 0.0922813037150616, 0.3330772826342556, -0.1054294407623404, 0.1205312400894265, 0.18206699845691876, -0.17254083627743, -0.11755079234758015, -0.15916952567460452, 0.9160541317987725, -0.12949977110099098, -0.039261709661134514, 0.30030422209312735, 0.15733847880413432, -0.12686557748439564, 0.6334066971816901, 0.9888199523211627, 1.0132759822447746, 0.04159309016203028, -0.46662324472836225, 0.061154875181511414, 0.3189303955316243, -0.26575307594644715, 0.047282831864568164, 0.5379723819836404, -0.14140012020819548, -0.2187706937566567, 0.4663468223576952]","[1000, 1000, 1000, 1000, 1000, 1000, 1000, 1000, 1000, 1000, 1000, 1000, 1000, 1000, 1000, 1000, 1000, 1000, 1000, 1000, 1000, 1000, 1000, 1000, 1000, 1000, 1000, 1000, 1000, 1000, 1000, 1000, 1000, 1000, 1000, 1000, 1000, 1000, 1000, 1000, 1000, 1000, 1000, 1000, 1000, 1000, 1000, 1000, 1000, 1000, 1000, 1000, 1000, 1000, 1000, 1000, 1000, 1000, 1000, 1000, 1000, 1000, 1000, 1000, 1000, 1000, 1000, 1000, 1000, 1000, 1000, 1000, 1000, 1000, 1000, 1000]",1165.937,6518.36,2148.693,3537.035,2.826,212800,212800,35.2,61.8,0.0,0.0625,0.0016658912420044608,-0.0030011365345368785,-0.00552180246450007,0.002195165630352373,0.80756825,0.005208000175965329,-3.8935372114181517,0.0
1.6746518492464024,-0.46662324472836225,0.14696821343811772,1000.0,0,19,220400,False,190,29,8fbc600aff3c4223b91a7c1c7f534dde,2021-04-05_07-47-37,1617634057,3.6551833152770996,90.7748053073883,1494,5e08ae53878a,172.17.0.3,40.21639847755432,0,12,315ff_00001,"[-0.15573237027831488, 1.6746518492464024, 0.4141270729297557, 0.5600635852965323, -0.3923474309882123, -0.11991067777838904, -0.20169591891925265, 0.8182737995981089, -0.2585946099233339, -0.0914186796917229, 0.5122667742555558, -0.3365992637853594, -0.3918063418629605, 0.37003759156473204, 0.48378008597215416, -0.08295359210258813, -0.2941139803241172, -0.2701939718904249, 0.08765908386282817, -0.024100551549019023, 0.46979789151615137, 0.4446371062986312, 0.15506982273877634, -0.058381154473359786, -0.36855843532199717, 0.47565735416021737, -0.3740444367901381, -0.12610137799310128, -0.07741099364313275, 0.13081633595608988, 0.47321352316487375, 0.6711516080218483, -0.03990852020651947, -0.3633081542750375, -0.29037130666701605, -0.44390166643154927, 0.516167473984779, -0.071260816063484, 1.2466253810904653, 0.562082210959395, 0.23245756102064696, -0.21448389406058188, 0.45994396795815984, 0.08154577919016082, -0.07198562180557078, 0.025558700116501853, 0.2325135577898667, 0.5287028615379294, 0.39439511141931294, 0.0922813037150616, 0.3330772826342556, -0.1054294407623404, 0.1205312400894265, 0.18206699845691876, -0.17254083627743, -0.11755079234758015, -0.15916952567460452, 0.9160541317987725, -0.12949977110099098, -0.039261709661134514, 0.30030422209312735, 0.15733847880413432, -0.12686557748439564, 0.6334066971816901, 0.9888199523211627, 1.0132759822447746, 0.04159309016203028, -0.46662324472836225, 0.061154875181511414, 0.3189303955316243, -0.26575307594644715, 0.047282831864568164, 0.5379723819836404, -0.14140012020819548, -0.2187706937566567, 0.4663468223576952]","[1000, 1000, 1000, 1000, 1000, 1000, 1000, 1000, 1000, 1000, 1000, 1000, 1000, 1000, 1000, 1000, 1000, 1000, 1000, 1000, 1000, 1000, 1000, 1000, 1000, 1000, 1000, 1000, 1000, 1000, 1000, 1000, 1000, 1000, 1000, 1000, 1000, 1000, 1000, 1000, 1000, 1000, 1000, 1000, 1000, 1000, 1000, 1000, 1000, 1000, 1000, 1000, 1000, 1000, 1000, 1000, 1000, 1000, 1000, 1000, 1000, 1000, 1000, 1000, 1000, 1000, 1000, 1000, 1000, 1000, 1000, 1000, 1000, 1000, 1000, 1000]",1202.809,6318.541,2154.263,3527.888,2.805,220400,220400,43.12,61.8,0.0,0.0625,0.0016658912420044608,-0.0014221690750370424,-0.004500979821508129,0.002694002055795863,0.8078129,0.006156943296082318,-3.8426506320635476,0.0
1.6746518492464024,-0.46662324472836225,0.1709135581935047,1000.0,19,19,228000,False,209,30,8fbc600aff3c4223b91a7c1c7f534dde,2021-04-05_07-47-40,1617634060,3.3536860942840576,94.12849140167236,1494,5e08ae53878a,172.17.0.3,43.57008457183838,0,13,315ff_00001,"[0.45011723289635275, 0.17058502705888223, 0.9209564055834489, 0.14362857110293192, 0.18171238590632544, 0.6641956476563637, 0.9932120819660242, 0.240104336290073, 0.09316557449236829, 0.2981441557995368, 0.14788047275285465, -0.12062931066257288, -0.04709874276169734, -0.09897257744341148, 0.4406477714691135, 0.4277200134513657, -0.10840939609298539, 0.31948013945144793, -0.04923598183042455, -0.15573237027831488, 1.6746518492464024, 0.4141270729297557, 0.5600635852965323, -0.3923474309882123, -0.11991067777838904, -0.20169591891925265, 0.8182737995981089, -0.2585946099233339, -0.0914186796917229, 0.5122667742555558, -0.3365992637853594, -0.3918063418629605, 0.37003759156473204, 0.48378008597215416, -0.08295359210258813, -0.2941139803241172, -0.2701939718904249, 0.08765908386282817, -0.024100551549019023, 0.46979789151615137, 0.4446371062986312, 0.15506982273877634, -0.058381154473359786, -0.36855843532199717, 0.47565735416021737, -0.3740444367901381, -0.12610137799310128, -0.07741099364313275, 0.13081633595608988, 0.47321352316487375, 0.6711516080218483, -0.03990852020651947, -0.3633081542750375, -0.29037130666701605, -0.44390166643154927, 0.516167473984779, -0.071260816063484, 1.2466253810904653, 0.562082210959395, 0.23245756102064696, -0.21448389406058188, 0.45994396795815984, 0.08154577919016082, -0.07198562180557078, 0.025558700116501853, 0.2325135577898667, 0.5287028615379294, 0.39439511141931294, 0.0922813037150616, 0.3330772826342556, -0.1054294407623404, 0.1205312400894265, 0.18206699845691876, -0.17254083627743, -0.11755079234758015, -0.15916952567460452, 0.9160541317987725, -0.12949977110099098, -0.039261709661134514, 0.30030422209312735, 0.15733847880413432, -0.12686557748439564, 0.6334066971816901, 0.9888199523211627, 1.0132759822447746, 0.04159309016203028, -0.46662324472836225, 0.061154875181511414, 0.3189303955316243, -0.26575307594644715, 0.047282831864568164, 0.5379723819836404, -0.14140012020819548, -0.2187706937566567, 0.4663468223576952]","[1000, 1000, 1000, 1000, 1000, 1000, 1000, 1000, 1000, 1000, 1000, 1000, 1000, 1000, 1000, 1000, 1000, 1000, 1000, 1000, 1000, 1000, 1000, 1000, 1000, 1000, 1000, 1000, 1000, 1000, 1000, 1000, 1000, 1000, 1000, 1000, 1000, 1000, 1000, 1000, 1000, 1000, 1000, 1000, 1000, 1000, 1000, 1000, 1000, 1000, 1000, 1000, 1000, 1000, 1000, 1000, 1000, 1000, 1000, 1000, 1000, 1000, 1000, 1000, 1000, 1000, 1000, 1000, 1000, 1000, 1000, 1000, 1000, 1000, 1000, 1000, 1000, 1000, 1000, 1000, 1000, 1000, 1000, 1000, 1000, 1000, 1000, 1000, 1000, 1000, 1000, 1000, 1000, 1000, 1000]",1202.705,6319.092,2150.12,3534.686,2.854,228000,228000,37.34,61.8,0.0,0.0625,0.0016658912420044608,-0.003455946035683155,-0.006319121535246571,0.0025394223785648743,0.6996714,0.005180048639886081,-3.895706820487976,0.0
1.6746518492464024,-0.46662324472836225,0.17091355819350465,1000.0,0,19,235600,False,209,31,8fbc600aff3c4223b91a7c1c7f534dde,2021-04-05_07-47-44,1617634064,3.3685226440429688,97.49701404571533,1494,5e08ae53878a,172.17.0.3,46.93860721588135,0,14,315ff_00001,"[-0.15573237027831488, 1.6746518492464024, 0.4141270729297557, 0.5600635852965323, -0.3923474309882123, -0.11991067777838904, -0.20169591891925265, 0.8182737995981089, -0.2585946099233339, -0.0914186796917229, 0.5122667742555558, -0.3365992637853594, -0.3918063418629605, 0.37003759156473204, 0.48378008597215416, -0.08295359210258813, -0.2941139803241172, -0.2701939718904249, 0.08765908386282817, -0.024100551549019023, 0.46979789151615137, 0.4446371062986312, 0.15506982273877634, -0.058381154473359786, -0.36855843532199717, 0.47565735416021737, -0.3740444367901381, -0.12610137799310128, -0.07741099364313275, 0.13081633595608988, 0.47321352316487375, 0.6711516080218483, -0.03990852020651947, -0.3633081542750375, -0.29037130666701605, -0.44390166643154927, 0.516167473984779, -0.071260816063484, 1.2466253810904653, 0.562082210959395, 0.23245756102064696, -0.21448389406058188, 0.45994396795815984, 0.08154577919016082, -0.07198562180557078, 0.025558700116501853, 0.2325135577898667, 0.5287028615379294, 0.39439511141931294, 0.0922813037150616, 0.3330772826342556, -0.1054294407623404, 0.1205312400894265, 0.18206699845691876, -0.17254083627743, -0.11755079234758015, -0.15916952567460452, 0.9160541317987725, -0.12949977110099098, -0.039261709661134514, 0.30030422209312735, 0.15733847880413432, -0.12686557748439564, 0.6334066971816901, 0.9888199523211627, 1.0132759822447746, 0.04159309016203028, -0.46662324472836225, 0.061154875181511414, 0.3189303955316243, -0.26575307594644715, 0.047282831864568164, 0.5379723819836404, -0.14140012020819548, -0.2187706937566567, 0.4663468223576952, 0.45011723289635275, 0.17058502705888223, 0.9209564055834489, 0.14362857110293192, 0.18171238590632544, 0.6641956476563637, 0.9932120819660242, 0.240104336290073, 0.09316557449236829, 0.2981441557995368, 0.14788047275285465, -0.12062931066257288, -0.04709874276169734, -0.09897257744341148, 0.4406477714691135, 0.4277200134513657, -0.10840939609298539, 0.31948013945144793, -0.04923598183042455]","[1000, 1000, 1000, 1000, 1000, 1000, 1000, 1000, 1000, 1000, 1000, 1000, 1000, 1000, 1000, 1000, 1000, 1000, 1000, 1000, 1000, 1000, 1000, 1000, 1000, 1000, 1000, 1000, 1000, 1000, 1000, 1000, 1000, 1000, 1000, 1000, 1000, 1000, 1000, 1000, 1000, 1000, 1000, 1000, 1000, 1000, 1000, 1000, 1000, 1000, 1000, 1000, 1000, 1000, 1000, 1000, 1000, 1000, 1000, 1000, 1000, 1000, 1000, 1000, 1000, 1000, 1000, 1000, 1000, 1000, 1000, 1000, 1000, 1000, 1000, 1000, 1000, 1000, 1000, 1000, 1000, 1000, 1000, 1000, 1000, 1000, 1000, 1000, 1000, 1000, 1000, 1000, 1000, 1000, 1000]",1206.095,6301.329,2157.01,3523.396,2.839,235600,235600,35.58,61.8,0.0,0.0625,0.0016658912420044608,-0.0006688841851428152,-0.003409384524760147,0.0023075733954707783,0.84123135,0.006926824067098399,-4.013032110532125,0.0
1.2466253810904653,-0.46662324472836225,0.17820999477758231,1000.0,19,19,243200,False,228,32,8fbc600aff3c4223b91a7c1c7f534dde,2021-04-05_07-47-47,1617634067,3.390281915664673,100.88729596138,1494,5e08ae53878a,172.17.0.3,50.32888913154602,0,15,315ff_00001,"[0.41041330371580775, 0.377790248482887, 0.04375535039662637, 0.25199879290827387, 0.2144024207100388, 0.09987236491844742, 0.15213349398651377, -0.22573682918061888, -0.2134731181984656, 0.20349776794482133, 0.2278267586638576, -0.08839911573733916, 0.6728245127344696, 0.39557869666572043, -0.007436605454761103, 0.32005510881009047, 0.804010318508481, -0.03514803174090109, 0.38156139090487784, 0.48378008597215416, -0.08295359210258813, -0.2941139803241172, -0.2701939718904249, 0.08765908386282817, -0.024100551549019023, 0.46979789151615137, 0.4446371062986312, 0.15506982273877634, -0.058381154473359786, -0.36855843532199717, 0.47565735416021737, -0.3740444367901381, -0.12610137799310128, -0.07741099364313275, 0.13081633595608988, 0.47321352316487375, 0.6711516080218483, -0.03990852020651947, -0.3633081542750375, -0.29037130666701605, -0.44390166643154927, 0.516167473984779, -0.071260816063484, 1.2466253810904653, 0.562082210959395, 0.23245756102064696, -0.21448389406058188, 0.45994396795815984, 0.08154577919016082, -0.07198562180557078, 0.025558700116501853, 0.2325135577898667, 0.5287028615379294, 0.39439511141931294, 0.0922813037150616, 0.3330772826342556, -0.1054294407623404, 0.1205312400894265, 0.18206699845691876, -0.17254083627743, -0.11755079234758015, -0.15916952567460452, 0.9160541317987725, -0.12949977110099098, -0.039261709661134514, 0.30030422209312735, 0.15733847880413432, -0.12686557748439564, 0.6334066971816901, 0.9888199523211627, 1.0132759822447746, 0.04159309016203028, -0.46662324472836225, 0.061154875181511414, 0.3189303955316243, -0.26575307594644715, 0.047282831864568164, 0.5379723819836404, -0.14140012020819548, -0.2187706937566567, 0.4663468223576952, 0.45011723289635275, 0.17058502705888223, 0.9209564055834489, 0.14362857110293192, 0.18171238590632544, 0.6641956476563637, 0.9932120819660242, 0.240104336290073, 0.09316557449236829, 0.2981441557995368, 0.14788047275285465, -0.12062931066257288, -0.04709874276169734, -0.09897257744341148, 0.4406477714691135, 0.4277200134513657, -0.10840939609298539, 0.31948013945144793, -0.04923598183042455]","[1000, 1000, 1000, 1000, 1000, 1000, 1000, 1000, 1000, 1000, 1000, 1000, 1000, 1000, 1000, 1000, 1000, 1000, 1000, 1000, 1000, 1000, 1000, 1000, 1000, 1000, 1000, 1000, 1000, 1000, 1000, 1000, 1000, 1000, 1000, 1000, 1000, 1000, 1000, 1000, 1000, 1000, 1000, 1000, 1000, 1000, 1000, 1000, 1000, 1000, 1000, 1000, 1000, 1000, 1000, 1000, 1000, 1000, 1000, 1000, 1000, 1000, 1000, 1000, 1000, 1000, 1000, 1000, 1000, 1000, 1000, 1000, 1000, 1000, 1000, 1000, 1000, 1000, 1000, 1000, 1000, 1000, 1000, 1000, 1000, 1000, 1000, 1000, 1000, 1000, 1000, 1000, 1000, 1000, 1000, 1000, 1000, 1000, 1000, 1000]",1204.787,6308.17,2162.504,3514.444,2.823,243200,243200,37.44,61.8,0.0,0.0625,0.0016658912420044608,-0.0010147068339089553,-0.004171649490793546,0.0028182113155101737,0.7338902,0.005419714407374461,-3.9361717263857523,0.0
nan,nan,nan,nan,0,19,250800,False,228,33,8fbc600aff3c4223b91a7c1c7f534dde,2021-04-05_07-50-33,1617634233,3.4548871517181396,104.34218311309814,3181,5e08ae53878a,172.17.0.3,3.4548871517181396,0,1,315ff_00001,[],[],1315.537,5777.107,2132.776,3563.432,2.514,250800,250800,53.4,61.7,0.0,1.0,0.0016658912420044608,-0.00030987202189862727,-0.005249765468761325,0.002149872153919811,0.82226855,0.0027900204392305263,-3.9503403425216677,0.0
nan,nan,nan,nan,0,19,258400,False,228,34,8fbc600aff3c4223b91a7c1c7f534dde,2021-04-05_07-50-36,1617634236,3.290900945663452,107.6330840587616,3181,5e08ae53878a,172.17.0.3,6.745788097381592,0,2,315ff_00001,[],[],1212.317,6268.987,2153.459,3529.205,2.455,258400,258400,35.480000000000004,61.86,0.0,0.5,0.0016658912420044608,-0.00013476181775331497,-0.005604082035521666,0.003161415702197701,0.75791496,0.004615808965172619,-3.862149198849996,0.0
0.9275770400614356,-0.11355590170681873,0.21117742856787017,1000.0,19,19,266000,False,247,35,8fbc600aff3c4223b91a7c1c7f534dde,2021-04-05_07-50-40,1617634240,3.5745112895965576,111.20759534835815,3181,5e08ae53878a,172.17.0.3,10.32029938697815,0,3,315ff_00001,"[-0.015166826296158176, 0.4837115217192114, 0.21142691691324944, 0.013437558894265011, -0.07473541908811143, 0.08105505516442157, 0.14931043311463688, 0.7825418216095661, 0.09751796293491699, 0.019686229841511693, -0.11355590170681873, 0.14009369060180066, 0.38833391676759654, 0.14678985787149057, 0.13325719575766315, 0.9275770400614356, 0.6529859110787699, -0.000536589174060409, -0.011359233275853087]","[1000, 1000, 1000, 1000, 1000, 1000, 1000, 1000, 1000, 1000, 1000, 1000, 1000, 1000, 1000, 1000, 1000, 1000, 1000]",1234.751,6155.087,2197.849,3457.926,2.472,266000,266000,40.3,61.92,0.0,0.25,0.0016658912420044608,-0.00287927589379251,-0.00710987658239901,0.00313190195010975,0.71967083,0.00439479105019321,-3.931807827949524,0.0
0.9275770400614356,-0.11355590170681873,0.21117742856787017,1000.0,0,19,273600,False,247,36,8fbc600aff3c4223b91a7c1c7f534dde,2021-04-05_07-50-43,1617634243,3.302731513977051,114.5103268623352,3181,5e08ae53878a,172.17.0.3,13.6230309009552,0,4,315ff_00001,"[-0.015166826296158176, 0.4837115217192114, 0.21142691691324944, 0.013437558894265011, -0.07473541908811143, 0.08105505516442157, 0.14931043311463688, 0.7825418216095661, 0.09751796293491699, 0.019686229841511693, -0.11355590170681873, 0.14009369060180066, 0.38833391676759654, 0.14678985787149057, 0.13325719575766315, 0.9275770400614356, 0.6529859110787699, -0.000536589174060409, -0.011359233275853087]","[1000, 1000, 1000, 1000, 1000, 1000, 1000, 1000, 1000, 1000, 1000, 1000, 1000, 1000, 1000, 1000, 1000, 1000, 1000]",1217.135,6244.172,2180.802,3484.957,2.574,273600,273600,37.02,61.92,0.0,0.125,0.0016658912420044608,0.0011296894556532303,-0.0022723406708488863,0.00264873964091142,0.8244604,0.0060263299538443485,-4.060464775562286,0.0
1.4539709158738652,-0.14766036394173399,0.2853465657411494,1000.0,19,19,281200,False,266,37,8fbc600aff3c4223b91a7c1c7f534dde,2021-04-05_07-50-46,1617634246,3.355210542678833,117.86553740501404,3181,5e08ae53878a,172.17.0.3,16.978241443634033,0,5,315ff_00001,"[1.4539709158738652, 0.15631258892611744, 0.181381709927247, 0.6405408044332432, 0.5404757047950792, 0.24316565036525795, 0.4601814770447592, -0.11308819614072263, -0.14766036394173399, 0.23950215755059956, 0.9533211121764711, 0.07648878549946225, 0.8647002515482995, -0.06158046830877051, -0.09939431281353162, 0.3827801896064309, 0.22946745673674696, 0.27655595547768796, 0.5536769366176346, -0.015166826296158176, 0.4837115217192114, 0.21142691691324944, 0.013437558894265011, -0.07473541908811143, 0.08105505516442157, 0.14931043311463688, 0.7825418216095661, 0.09751796293491699, 0.019686229841511693, -0.11355590170681873, 0.14009369060180066, 0.38833391676759654, 0.14678985787149057, 0.13325719575766315, 0.9275770400614356, 0.6529859110787699, -0.000536589174060409, -0.011359233275853087]","[1000, 1000, 1000, 1000, 1000, 1000, 1000, 1000, 1000, 1000, 1000, 1000, 1000, 1000, 1000, 1000, 1000, 1000, 1000, 1000, 1000, 1000, 1000, 1000, 1000, 1000, 1000, 1000, 1000, 1000, 1000, 1000, 1000, 1000, 1000, 1000, 1000, 1000]",1220.413,6227.402,2167.261,3506.73,2.617,281200,281200,38.54,61.9,0.0,0.125,0.0016658912420044608,-0.0014150334056466818,-0.0052706582626948755,0.0031748068945792814,0.7025423,0.005446554464288056,-4.005977427959442,0.0
1.4539709158738652,-0.14766036394173399,0.2853465657411494,1000.0,0,19,288800,False,266,38,8fbc600aff3c4223b91a7c1c7f534dde,2021-04-05_07-50-50,1617634250,3.2169971466064453,121.08253455162048,3181,5e08ae53878a,172.17.0.3,20.19523859024048,0,6,315ff_00001,"[-0.015166826296158176, 0.4837115217192114, 0.21142691691324944, 0.013437558894265011, -0.07473541908811143, 0.08105505516442157, 0.14931043311463688, 0.7825418216095661, 0.09751796293491699, 0.019686229841511693, -0.11355590170681873, 0.14009369060180066, 0.38833391676759654, 0.14678985787149057, 0.13325719575766315, 0.9275770400614356, 0.6529859110787699, -0.000536589174060409, -0.011359233275853087, 1.4539709158738652, 0.15631258892611744, 0.181381709927247, 0.6405408044332432, 0.5404757047950792, 0.24316565036525795, 0.4601814770447592, -0.11308819614072263, -0.14766036394173399, 0.23950215755059956, 0.9533211121764711, 0.07648878549946225, 0.8647002515482995, -0.06158046830877051, -0.09939431281353162, 0.3827801896064309, 0.22946745673674696, 0.27655595547768796, 0.5536769366176346]","[1000, 1000, 1000, 1000, 1000, 1000, 1000, 1000, 1000, 1000, 1000, 1000, 1000, 1000, 1000, 1000, 1000, 1000, 1000, 1000, 1000, 1000, 1000, 1000, 1000, 1000, 1000, 1000, 1000, 1000, 1000, 1000, 1000, 1000, 1000, 1000, 1000, 1000]",1202.017,6322.707,2155.81,3525.357,2.668,288800,288800,41.650000000000006,61.9,0.0,0.125,0.0016658912420044608,-0.0014410410542041064,-0.004749787389300764,0.0025889388091551763,0.8426774,0.005758445663377643,-4.003421700000763,0.0
1.4539709158738652,-0.14766036394173399,0.2853465657411494,1000.0,0,19,296400,False,266,39,8fbc600aff3c4223b91a7c1c7f534dde,2021-04-05_07-50-53,1617634253,3.304394006729126,124.38692855834961,3181,5e08ae53878a,172.17.0.3,23.499632596969604,0,7,315ff_00001,"[-0.015166826296158176, 0.4837115217192114, 0.21142691691324944, 0.013437558894265011, -0.07473541908811143, 0.08105505516442157, 0.14931043311463688, 0.7825418216095661, 0.09751796293491699, 0.019686229841511693, -0.11355590170681873, 0.14009369060180066, 0.38833391676759654, 0.14678985787149057, 0.13325719575766315, 0.9275770400614356, 0.6529859110787699, -0.000536589174060409, -0.011359233275853087, 1.4539709158738652, 0.15631258892611744, 0.181381709927247, 0.6405408044332432, 0.5404757047950792, 0.24316565036525795, 0.4601814770447592, -0.11308819614072263, -0.14766036394173399, 0.23950215755059956, 0.9533211121764711, 0.07648878549946225, 0.8647002515482995, -0.06158046830877051, -0.09939431281353162, 0.3827801896064309, 0.22946745673674696, 0.27655595547768796, 0.5536769366176346]","[1000, 1000, 1000, 1000, 1000, 1000, 1000, 1000, 1000, 1000, 1000, 1000, 1000, 1000, 1000, 1000, 1000, 1000, 1000, 1000, 1000, 1000, 1000, 1000, 1000, 1000, 1000, 1000, 1000, 1000, 1000, 1000, 1000, 1000, 1000, 1000, 1000, 1000]",1188.459,6394.838,2160.542,3517.636,2.659,296400,296400,35.62,61.94,0.0,0.125,0.0016658912420044608,0.0004542946039388577,-0.003381241609652837,0.003025024923651169,0.7591415,0.006484082030753294,-3.9861145337422688,0.0
1.4539709158738652,-0.19760656790670128,0.255144097433549,1000.0,19,19,304000,False,285,40,8fbc600aff3c4223b91a7c1c7f534dde,2021-04-05_07-50-57,1617634257,3.4712653160095215,127.85819387435913,3181,5e08ae53878a,172.17.0.3,26.970897912979126,0,8,315ff_00001,"[0.1739123468096313, 0.1208913936428957, 1.1182091646939685, 0.1585752899872277, -0.03576634781834376, -0.115331923076889, 0.03883902973328435, 0.0003094270993537762, 0.06409988772981645, 0.03975928396124884, 0.376923616038215, 0.5416911317167101, 0.1122830413512288, 0.26707672776198965, 0.039994374597392524, 0.061272910136187075, 0.041104292880896676, 0.8938069762105056, -0.19760656790670128, -0.015166826296158176, 0.4837115217192114, 0.21142691691324944, 0.013437558894265011, -0.07473541908811143, 0.08105505516442157, 0.14931043311463688, 0.7825418216095661, 0.09751796293491699, 0.019686229841511693, -0.11355590170681873, 0.14009369060180066, 0.38833391676759654, 0.14678985787149057, 0.13325719575766315, 0.9275770400614356, 0.6529859110787699, -0.000536589174060409, -0.011359233275853087, 1.4539709158738652, 0.15631258892611744, 0.181381709927247, 0.6405408044332432, 0.5404757047950792, 0.24316565036525795, 0.4601814770447592, -0.11308819614072263, -0.14766036394173399, 0.23950215755059956, 0.9533211121764711, 0.07648878549946225, 0.8647002515482995, -0.06158046830877051, -0.09939431281353162, 0.3827801896064309, 0.22946745673674696, 0.27655595547768796, 0.5536769366176346]","[1000, 1000, 1000, 1000, 1000, 1000, 1000, 1000, 1000, 1000, 1000, 1000, 1000, 1000, 1000, 1000, 1000, 1000, 1000, 1000, 1000, 1000, 1000, 1000, 1000, 1000, 1000, 1000, 1000, 1000, 1000, 1000, 1000, 1000, 1000, 1000, 1000, 1000, 1000, 1000, 1000, 1000, 1000, 1000, 1000, 1000, 1000, 1000, 1000, 1000, 1000, 1000, 1000, 1000, 1000, 1000, 1000]",1196.684,6350.881,2166.521,3507.928,2.665,304000,304000,37.28000000000001,62.0,0.0,0.125,0.0016658912420044608,-0.00406220443546772,-0.008321751204008857,0.003614197749023636,0.72934586,0.005162772365535299,-4.096558137734731,0.0
1.4539709158738652,-0.19760656790670128,0.255144097433549,1000.0,0,19,311600,False,285,41,8fbc600aff3c4223b91a7c1c7f534dde,2021-04-05_07-51-00,1617634260,3.311215400695801,131.16940927505493,3181,5e08ae53878a,172.17.0.3,30.282113313674927,0,9,315ff_00001,"[-0.015166826296158176, 0.4837115217192114, 0.21142691691324944, 0.013437558894265011, -0.07473541908811143, 0.08105505516442157, 0.14931043311463688, 0.7825418216095661, 0.09751796293491699, 0.019686229841511693, -0.11355590170681873, 0.14009369060180066, 0.38833391676759654, 0.14678985787149057, 0.13325719575766315, 0.9275770400614356, 0.6529859110787699, -0.000536589174060409, -0.011359233275853087, 1.4539709158738652, 0.15631258892611744, 0.181381709927247, 0.6405408044332432, 0.5404757047950792, 0.24316565036525795, 0.4601814770447592, -0.11308819614072263, -0.14766036394173399, 0.23950215755059956, 0.9533211121764711, 0.07648878549946225, 0.8647002515482995, -0.06158046830877051, -0.09939431281353162, 0.3827801896064309, 0.22946745673674696, 0.27655595547768796, 0.5536769366176346, 0.1739123468096313, 0.1208913936428957, 1.1182091646939685, 0.1585752899872277, -0.03576634781834376, -0.115331923076889, 0.03883902973328435, 0.0003094270993537762, 0.06409988772981645, 0.03975928396124884, 0.376923616038215, 0.5416911317167101, 0.1122830413512288, 0.26707672776198965, 0.039994374597392524, 0.061272910136187075, 0.041104292880896676, 0.8938069762105056, -0.19760656790670128]","[1000, 1000, 1000, 1000, 1000, 1000, 1000, 1000, 1000, 1000, 1000, 1000, 1000, 1000, 1000, 1000, 1000, 1000, 1000, 1000, 1000, 1000, 1000, 1000, 1000, 1000, 1000, 1000, 1000, 1000, 1000, 1000, 1000, 1000, 1000, 1000, 1000, 1000, 1000, 1000, 1000, 1000, 1000, 1000, 1000, 1000, 1000, 1000, 1000, 1000, 1000, 1000, 1000, 1000, 1000, 1000, 1000]",1190.863,6381.926,2165.602,3509.417,2.667,311600,311600,36.879999999999995,62.0,0.0,0.125,0.0016658912420044608,-0.0027102301828563213,-0.005797823301206032,0.002382957727725928,0.831945,0.0056370821703846255,-4.148497025171916,0.0
1.4539709158738652,-0.19760656790670128,0.2462807224647025,1000.0,19,19,319200,False,304,42,8fbc600aff3c4223b91a7c1c7f534dde,2021-04-05_07-51-03,1617634263,3.455190658569336,134.62459993362427,3181,5e08ae53878a,172.17.0.3,33.73730397224426,0,10,315ff_00001,"[-0.07457153755745338, -0.18374982834313014, -0.11171403827283422, 0.45074724725586557, 0.4079046089469862, -0.022289105014357546, 0.5236191183371532, 0.28142017796554186, 0.18774584996905608, 0.7327049447717822, 0.013479005128508303, 0.47370142864977827, 0.17556844950170514, 0.5260711465834995, 0.3193631568025763, 0.1783478474108744, 0.03867720318757972, 0.23191004938644855, 0.02518562889551701, -0.015166826296158176, 0.4837115217192114, 0.21142691691324944, 0.013437558894265011, -0.07473541908811143, 0.08105505516442157, 0.14931043311463688, 0.7825418216095661, 0.09751796293491699, 0.019686229841511693, -0.11355590170681873, 0.14009369060180066, 0.38833391676759654, 0.14678985787149057, 0.13325719575766315, 0.9275770400614356, 0.6529859110787699, -0.000536589174060409, -0.011359233275853087, 1.4539709158738652, 0.15631258892611744, 0.181381709927247, 0.6405408044332432, 0.5404757047950792, 0.24316565036525795, 0.4601814770447592, -0.11308819614072263, -0.14766036394173399, 0.23950215755059956, 0.9533211121764711, 0.07648878549946225, 0.8647002515482995, -0.06158046830877051, -0.09939431281353162, 0.3827801896064309, 0.22946745673674696, 0.27655595547768796, 0.5536769366176346, 0.1739123468096313, 0.1208913936428957, 1.1182091646939685, 0.1585752899872277, -0.03576634781834376, -0.115331923076889, 0.03883902973328435, 0.0003094270993537762, 0.06409988772981645, 0.03975928396124884, 0.376923616038215, 0.5416911317167101, 0.1122830413512288, 0.26707672776198965, 0.039994374597392524, 0.061272910136187075, 0.041104292880896676, 0.8938069762105056, -0.19760656790670128]","[1000, 1000, 1000, 1000, 1000, 1000, 1000, 1000, 1000, 1000, 1000, 1000, 1000, 1000, 1000, 1000, 1000, 1000, 1000, 1000, 1000, 1000, 1000, 1000, 1000, 1000, 1000, 1000, 1000, 1000, 1000, 1000, 1000, 1000, 1000, 1000, 1000, 1000, 1000, 1000, 1000, 1000, 1000, 1000, 1000, 1000, 1000, 1000, 1000, 1000, 1000, 1000, 1000, 1000, 1000, 1000, 1000, 1000, 1000, 1000, 1000, 1000, 1000, 1000, 1000, 1000, 1000, 1000, 1000, 1000, 1000, 1000, 1000, 1000, 1000, 1000]",1202.632,6319.47,2162.864,3513.859,2.654,319200,319200,40.54,62.0,0.0,0.125,0.0016658912420044608,-0.0009336644783616066,-0.004240527066091696,0.002703298901906237,0.77211213,0.00482850093782569,-4.0871077140172325,0.0
1.4539709158738652,-0.19760656790670128,0.24628072246470256,1000.0,0,19,326800,False,304,43,8fbc600aff3c4223b91a7c1c7f534dde,2021-04-05_07-51-07,1617634267,3.328017473220825,137.9526174068451,3181,5e08ae53878a,172.17.0.3,37.06532144546509,0,11,315ff_00001,"[-0.015166826296158176, 0.4837115217192114, 0.21142691691324944, 0.013437558894265011, -0.07473541908811143, 0.08105505516442157, 0.14931043311463688, 0.7825418216095661, 0.09751796293491699, 0.019686229841511693, -0.11355590170681873, 0.14009369060180066, 0.38833391676759654, 0.14678985787149057, 0.13325719575766315, 0.9275770400614356, 0.6529859110787699, -0.000536589174060409, -0.011359233275853087, 1.4539709158738652, 0.15631258892611744, 0.181381709927247, 0.6405408044332432, 0.5404757047950792, 0.24316565036525795, 0.4601814770447592, -0.11308819614072263, -0.14766036394173399, 0.23950215755059956, 0.9533211121764711, 0.07648878549946225, 0.8647002515482995, -0.06158046830877051, -0.09939431281353162, 0.3827801896064309, 0.22946745673674696, 0.27655595547768796, 0.5536769366176346, 0.1739123468096313, 0.1208913936428957, 1.1182091646939685, 0.1585752899872277, -0.03576634781834376, -0.115331923076889, 0.03883902973328435, 0.0003094270993537762, 0.06409988772981645, 0.03975928396124884, 0.376923616038215, 0.5416911317167101, 0.1122830413512288, 0.26707672776198965, 0.039994374597392524, 0.061272910136187075, 0.041104292880896676, 0.8938069762105056, -0.19760656790670128, -0.07457153755745338, -0.18374982834313014, -0.11171403827283422, 0.45074724725586557, 0.4079046089469862, -0.022289105014357546, 0.5236191183371532, 0.28142017796554186, 0.18774584996905608, 0.7327049447717822, 0.013479005128508303, 0.47370142864977827, 0.17556844950170514, 0.5260711465834995, 0.3193631568025763, 0.1783478474108744, 0.03867720318757972, 0.23191004938644855, 0.02518562889551701]","[1000, 1000, 1000, 1000, 1000, 1000, 1000, 1000, 1000, 1000, 1000, 1000, 1000, 1000, 1000, 1000, 1000, 1000, 1000, 1000, 1000, 1000, 1000, 1000, 1000, 1000, 1000, 1000, 1000, 1000, 1000, 1000, 1000, 1000, 1000, 1000, 1000, 1000, 1000, 1000, 1000, 1000, 1000, 1000, 1000, 1000, 1000, 1000, 1000, 1000, 1000, 1000, 1000, 1000, 1000, 1000, 1000, 1000, 1000, 1000, 1000, 1000, 1000, 1000, 1000, 1000, 1000, 1000, 1000, 1000, 1000, 1000, 1000, 1000, 1000, 1000]",1187.98,6397.415,2164.624,3511.002,2.67,326800,326800,37.42,62.0,0.0,0.0625,0.0016658912420044608,-0.004028968350030482,-0.006983631352583567,0.002547548666674023,0.846198,0.0065137974374617135,-4.093472150961558,0.0
1.4539709158738652,-0.19760656790670128,0.24628072246470256,1000.0,0,19,334400,False,304,44,8fbc600aff3c4223b91a7c1c7f534dde,2021-04-05_07-51-10,1617634270,3.651564598083496,141.6041820049286,3181,5e08ae53878a,172.17.0.3,40.716886043548584,0,12,315ff_00001,"[-0.015166826296158176, 0.4837115217192114, 0.21142691691324944, 0.013437558894265011, -0.07473541908811143, 0.08105505516442157, 0.14931043311463688, 0.7825418216095661, 0.09751796293491699, 0.019686229841511693, -0.11355590170681873, 0.14009369060180066, 0.38833391676759654, 0.14678985787149057, 0.13325719575766315, 0.9275770400614356, 0.6529859110787699, -0.000536589174060409, -0.011359233275853087, 1.4539709158738652, 0.15631258892611744, 0.181381709927247, 0.6405408044332432, 0.5404757047950792, 0.24316565036525795, 0.4601814770447592, -0.11308819614072263, -0.14766036394173399, 0.23950215755059956, 0.9533211121764711, 0.07648878549946225, 0.8647002515482995, -0.06158046830877051, -0.09939431281353162, 0.3827801896064309, 0.22946745673674696, 0.27655595547768796, 0.5536769366176346, 0.1739123468096313, 0.1208913936428957, 1.1182091646939685, 0.1585752899872277, -0.03576634781834376, -0.115331923076889, 0.03883902973328435, 0.0003094270993537762, 0.06409988772981645, 0.03975928396124884, 0.376923616038215, 0.5416911317167101, 0.1122830413512288, 0.26707672776198965, 0.039994374597392524, 0.061272910136187075, 0.041104292880896676, 0.8938069762105056, -0.19760656790670128, -0.07457153755745338, -0.18374982834313014, -0.11171403827283422, 0.45074724725586557, 0.4079046089469862, -0.022289105014357546, 0.5236191183371532, 0.28142017796554186, 0.18774584996905608, 0.7327049447717822, 0.013479005128508303, 0.47370142864977827, 0.17556844950170514, 0.5260711465834995, 0.3193631568025763, 0.1783478474108744, 0.03867720318757972, 0.23191004938644855, 0.02518562889551701]","[1000, 1000, 1000, 1000, 1000, 1000, 1000, 1000, 1000, 1000, 1000, 1000, 1000, 1000, 1000, 1000, 1000, 1000, 1000, 1000, 1000, 1000, 1000, 1000, 1000, 1000, 1000, 1000, 1000, 1000, 1000, 1000, 1000, 1000, 1000, 1000, 1000, 1000, 1000, 1000, 1000, 1000, 1000, 1000, 1000, 1000, 1000, 1000, 1000, 1000, 1000, 1000, 1000, 1000, 1000, 1000, 1000, 1000, 1000, 1000, 1000, 1000, 1000, 1000, 1000, 1000, 1000, 1000, 1000, 1000, 1000, 1000, 1000, 1000, 1000, 1000]",1226.132,6198.353,2162.412,3514.594,2.717,334400,334400,44.22,62.0,0.0,0.0625,0.0016658912420044608,-0.004580467768634359,-0.007692245161160826,0.0027231374852514515,0.7869607,0.006218223964485029,-3.9093041737874348,0.0
1.4539709158738652,-0.21725038417706388,0.2544148559201095,1000.0,19,19,342000,False,323,45,8fbc600aff3c4223b91a7c1c7f534dde,2021-04-05_07-51-14,1617634274,3.5390212535858154,145.1432032585144,3181,5e08ae53878a,172.17.0.3,44.2559072971344,0,13,315ff_00001,"[0.17431987952501138, 0.19151901359025358, 0.051175695382451813, 0.014710568414730396, 0.5648419036715953, 0.10007164877409047, 1.053183971475542, 0.09099187437244782, 1.011781810149683, -0.21083278013150086, 1.136794026382895, -0.21725038417706388, 0.026321551525970488, 0.2530991383677046, -0.16744168493841594, 0.6514928426977096, 0.18212336919192307, 0.3940811031547411, 0.15109285766324176, -0.015166826296158176, 0.4837115217192114, 0.21142691691324944, 0.013437558894265011, -0.07473541908811143, 0.08105505516442157, 0.14931043311463688, 0.7825418216095661, 0.09751796293491699, 0.019686229841511693, -0.11355590170681873, 0.14009369060180066, 0.38833391676759654, 0.14678985787149057, 0.13325719575766315, 0.9275770400614356, 0.6529859110787699, -0.000536589174060409, -0.011359233275853087, 1.4539709158738652, 0.15631258892611744, 0.181381709927247, 0.6405408044332432, 0.5404757047950792, 0.24316565036525795, 0.4601814770447592, -0.11308819614072263, -0.14766036394173399, 0.23950215755059956, 0.9533211121764711, 0.07648878549946225, 0.8647002515482995, -0.06158046830877051, -0.09939431281353162, 0.3827801896064309, 0.22946745673674696, 0.27655595547768796, 0.5536769366176346, 0.1739123468096313, 0.1208913936428957, 1.1182091646939685, 0.1585752899872277, -0.03576634781834376, -0.115331923076889, 0.03883902973328435, 0.0003094270993537762, 0.06409988772981645, 0.03975928396124884, 0.376923616038215, 0.5416911317167101, 0.1122830413512288, 0.26707672776198965, 0.039994374597392524, 0.061272910136187075, 0.041104292880896676, 0.8938069762105056, -0.19760656790670128, -0.07457153755745338, -0.18374982834313014, -0.11171403827283422, 0.45074724725586557, 0.4079046089469862, -0.022289105014357546, 0.5236191183371532, 0.28142017796554186, 0.18774584996905608, 0.7327049447717822, 0.013479005128508303, 0.47370142864977827, 0.17556844950170514, 0.5260711465834995, 0.3193631568025763, 0.1783478474108744, 0.03867720318757972, 0.23191004938644855, 0.02518562889551701]","[1000, 1000, 1000, 1000, 1000, 1000, 1000, 1000, 1000, 1000, 1000, 1000, 1000, 1000, 1000, 1000, 1000, 1000, 1000, 1000, 1000, 1000, 1000, 1000, 1000, 1000, 1000, 1000, 1000, 1000, 1000, 1000, 1000, 1000, 1000, 1000, 1000, 1000, 1000, 1000, 1000, 1000, 1000, 1000, 1000, 1000, 1000, 1000, 1000, 1000, 1000, 1000, 1000, 1000, 1000, 1000, 1000, 1000, 1000, 1000, 1000, 1000, 1000, 1000, 1000, 1000, 1000, 1000, 1000, 1000, 1000, 1000, 1000, 1000, 1000, 1000, 1000, 1000, 1000, 1000, 1000, 1000, 1000, 1000, 1000, 1000, 1000, 1000, 1000, 1000, 1000, 1000, 1000, 1000, 1000]",1230.535,6176.177,2154.406,3527.654,2.749,342000,342000,40.699999999999996,62.239999999999995,0.0,0.0625,0.0016658912420044608,-0.0025173367156336706,-0.005652193631976843,0.0027258080798977366,0.80895835,0.006544781080447137,-4.081282154719035,0.0
1.4539709158738652,-0.21725038417706388,0.2544148559201095,1000.0,0,19,349600,False,323,46,8fbc600aff3c4223b91a7c1c7f534dde,2021-04-05_07-51-17,1617634277,3.4167275428771973,148.5599308013916,3181,5e08ae53878a,172.17.0.3,47.6726348400116,0,14,315ff_00001,"[-0.015166826296158176, 0.4837115217192114, 0.21142691691324944, 0.013437558894265011, -0.07473541908811143, 0.08105505516442157, 0.14931043311463688, 0.7825418216095661, 0.09751796293491699, 0.019686229841511693, -0.11355590170681873, 0.14009369060180066, 0.38833391676759654, 0.14678985787149057, 0.13325719575766315, 0.9275770400614356, 0.6529859110787699, -0.000536589174060409, -0.011359233275853087, 1.4539709158738652, 0.15631258892611744, 0.181381709927247, 0.6405408044332432, 0.5404757047950792, 0.24316565036525795, 0.4601814770447592, -0.11308819614072263, -0.14766036394173399, 0.23950215755059956, 0.9533211121764711, 0.07648878549946225, 0.8647002515482995, -0.06158046830877051, -0.09939431281353162, 0.3827801896064309, 0.22946745673674696, 0.27655595547768796, 0.5536769366176346, 0.1739123468096313, 0.1208913936428957, 1.1182091646939685, 0.1585752899872277, -0.03576634781834376, -0.115331923076889, 0.03883902973328435, 0.0003094270993537762, 0.06409988772981645, 0.03975928396124884, 0.376923616038215, 0.5416911317167101, 0.1122830413512288, 0.26707672776198965, 0.039994374597392524, 0.061272910136187075, 0.041104292880896676, 0.8938069762105056, -0.19760656790670128, -0.07457153755745338, -0.18374982834313014, -0.11171403827283422, 0.45074724725586557, 0.4079046089469862, -0.022289105014357546, 0.5236191183371532, 0.28142017796554186, 0.18774584996905608, 0.7327049447717822, 0.013479005128508303, 0.47370142864977827, 0.17556844950170514, 0.5260711465834995, 0.3193631568025763, 0.1783478474108744, 0.03867720318757972, 0.23191004938644855, 0.02518562889551701, 0.17431987952501138, 0.19151901359025358, 0.051175695382451813, 0.014710568414730396, 0.5648419036715953, 0.10007164877409047, 1.053183971475542, 0.09099187437244782, 1.011781810149683, -0.21083278013150086, 1.136794026382895, -0.21725038417706388, 0.026321551525970488, 0.2530991383677046, -0.16744168493841594, 0.6514928426977096, 0.18212336919192307, 0.3940811031547411, 0.15109285766324176]","[1000, 1000, 1000, 1000, 1000, 1000, 1000, 1000, 1000, 1000, 1000, 1000, 1000, 1000, 1000, 1000, 1000, 1000, 1000, 1000, 1000, 1000, 1000, 1000, 1000, 1000, 1000, 1000, 1000, 1000, 1000, 1000, 1000, 1000, 1000, 1000, 1000, 1000, 1000, 1000, 1000, 1000, 1000, 1000, 1000, 1000, 1000, 1000, 1000, 1000, 1000, 1000, 1000, 1000, 1000, 1000, 1000, 1000, 1000, 1000, 1000, 1000, 1000, 1000, 1000, 1000, 1000, 1000, 1000, 1000, 1000, 1000, 1000, 1000, 1000, 1000, 1000, 1000, 1000, 1000, 1000, 1000, 1000, 1000, 1000, 1000, 1000, 1000, 1000, 1000, 1000, 1000, 1000, 1000, 1000]",1233.252,6162.569,2163.075,3513.516,2.756,349600,349600,36.28,62.260000000000005,0.0,0.0625,0.0016658912420044608,-0.0012230421571681896,-0.004461856745183468,0.002768055512569845,0.8309547,0.007532132719643414,-4.053157595793406,0.0
1.4539709158738652,-0.330655990467703,0.25865959140569467,1000.0,19,19,357200,False,342,47,8fbc600aff3c4223b91a7c1c7f534dde,2021-04-05_07-51-21,1617634281,3.425501585006714,151.98543238639832,3181,5e08ae53878a,172.17.0.3,51.09813642501831,0,15,315ff_00001,"[-0.330655990467703, 0.289289008738038, 0.5805858102195394, -0.10965399239695517, 0.5987209287742439, 0.0363082565709576, 0.23197659384854563, 0.4109193104155433, 0.17581370815703123, 0.3908463436539815, 0.5413509395424052, 0.0225236946088736, 0.21621196263332587, -0.2249089091334694, 0.20655569078206493, 0.7214415742808267, 0.1917995272233266, 0.02517211725621138, 0.03269807179385831, 0.13325719575766315, 0.9275770400614356, 0.6529859110787699, -0.000536589174060409, -0.011359233275853087, 1.4539709158738652, 0.15631258892611744, 0.181381709927247, 0.6405408044332432, 0.5404757047950792, 0.24316565036525795, 0.4601814770447592, -0.11308819614072263, -0.14766036394173399, 0.23950215755059956, 0.9533211121764711, 0.07648878549946225, 0.8647002515482995, -0.06158046830877051, -0.09939431281353162, 0.3827801896064309, 0.22946745673674696, 0.27655595547768796, 0.5536769366176346, 0.1739123468096313, 0.1208913936428957, 1.1182091646939685, 0.1585752899872277, -0.03576634781834376, -0.115331923076889, 0.03883902973328435, 0.0003094270993537762, 0.06409988772981645, 0.03975928396124884, 0.376923616038215, 0.5416911317167101, 0.1122830413512288, 0.26707672776198965, 0.039994374597392524, 0.061272910136187075, 0.041104292880896676, 0.8938069762105056, -0.19760656790670128, -0.07457153755745338, -0.18374982834313014, -0.11171403827283422, 0.45074724725586557, 0.4079046089469862, -0.022289105014357546, 0.5236191183371532, 0.28142017796554186, 0.18774584996905608, 0.7327049447717822, 0.013479005128508303, 0.47370142864977827, 0.17556844950170514, 0.5260711465834995, 0.3193631568025763, 0.1783478474108744, 0.03867720318757972, 0.23191004938644855, 0.02518562889551701, 0.17431987952501138, 0.19151901359025358, 0.051175695382451813, 0.014710568414730396, 0.5648419036715953, 0.10007164877409047, 1.053183971475542, 0.09099187437244782, 1.011781810149683, -0.21083278013150086, 1.136794026382895, -0.21725038417706388, 0.026321551525970488, 0.2530991383677046, -0.16744168493841594, 0.6514928426977096, 0.18212336919192307, 0.3940811031547411, 0.15109285766324176]","[1000, 1000, 1000, 1000, 1000, 1000, 1000, 1000, 1000, 1000, 1000, 1000, 1000, 1000, 1000, 1000, 1000, 1000, 1000, 1000, 1000, 1000, 1000, 1000, 1000, 1000, 1000, 1000, 1000, 1000, 1000, 1000, 1000, 1000, 1000, 1000, 1000, 1000, 1000, 1000, 1000, 1000, 1000, 1000, 1000, 1000, 1000, 1000, 1000, 1000, 1000, 1000, 1000, 1000, 1000, 1000, 1000, 1000, 1000, 1000, 1000, 1000, 1000, 1000, 1000, 1000, 1000, 1000, 1000, 1000, 1000, 1000, 1000, 1000, 1000, 1000, 1000, 1000, 1000, 1000, 1000, 1000, 1000, 1000, 1000, 1000, 1000, 1000, 1000, 1000, 1000, 1000, 1000, 1000, 1000, 1000, 1000, 1000, 1000, 1000]",1231.503,6171.323,2171.68,3499.595,2.793,357200,357200,38.32,62.14,0.0,0.0625,0.0016658912420044608,-0.003038527312067648,-0.005772225845915576,0.0024605438365445783,0.7703473,0.004370473061377804,-4.024374016125997,0.0
