episode_reward_max,episode_reward_min,episode_reward_mean,episode_len_mean,episodes_this_iter,num_healthy_workers,timesteps_total,done,episodes_total,training_iteration,experiment_id,date,timestamp,time_this_iter_s,time_total_s,pid,hostname,node_ip,time_since_restore,timesteps_since_restore,iterations_since_restore,trial_id,custom_metrics/sharpe_mean,custom_metrics/sharpe_min,custom_metrics/sharpe_max,custom_metrics/MDD_mean,custom_metrics/MDD_min,custom_metrics/MDD_max,hist_stats/episode_reward,hist_stats/episode_lengths,sampler_perf/mean_raw_obs_processing_ms,sampler_perf/mean_inference_ms,sampler_perf/mean_action_processing_ms,sampler_perf/mean_env_wait_ms,sampler_perf/mean_env_render_ms,timers/sample_time_ms,timers/sample_throughput,timers/learn_time_ms,timers/learn_throughput,timers/update_time_ms,info/num_steps_sampled,info/num_steps_trained,perf/cpu_util_percent,perf/ram_util_percent,info/learner/default_policy/allreduce_latency,info/learner/default_policy/cur_kl_coeff,info/learner/default_policy/cur_lr,info/learner/default_policy/total_loss,info/learner/default_policy/policy_loss,info/learner/default_policy/vf_loss,info/learner/default_policy/vf_explained_var,info/learner/default_policy/kl,info/learner/default_policy/entropy,info/learner/default_policy/entropy_coeff
73.13546750880667,25.692018752684643,41.7012927042814,1000.0,8,8,384000,False,368,40,ad06e7185bcb4af590941567e34aaccc,2021-04-09_12-45-10,1617997510,4.762059211730957,218.5090410709381,12989,4650286b7eb1,172.17.0.2,4.762059211730957,0,1,120bf_00000,nan,nan,nan,27.57995510508731,22.260233635230893,31.98774508536663,"[56.728017420374606, 27.302254761952927, 40.22029370621758, 73.13546750880667, 35.69748788272115, 36.56912029715302, 25.692018752684643, 38.26568130434063]","[1000, 1000, 1000, 1000, 1000, 1000, 1000, 1000]",0.1493251194664084,0.7500982751060188,0.03149239447194273,0.7115360054743478,0.0,2250.478,4265.76,2492.294,3851.873,1.497,384000,384000,25.142857142857142,70.65714285714286,0.0,1.0,0.0006692369891822996,0.45675228496392567,-0.04074136576304833,0.47491033871968585,0.9656176,0.02258331706126531,-4.290925165812174,0.0
84.41344819216462,25.692018752684643,46.691113805727205,1000.0,8,8,393600,False,376,41,ad06e7185bcb4af590941567e34aaccc,2021-04-09_12-45-14,1617997514,4.624230861663818,223.13327193260193,12989,4650286b7eb1,172.17.0.2,9.386290073394775,0,2,120bf_00000,nan,nan,nan,26.909556817364606,19.204096022205665,31.98774508536663,"[39.629474217172515, 54.88245818910982, 84.41344819216462, 29.013899511577307, 75.11938606038791, 37.58128303297629, 33.7066793821107, 59.100850671884906, 56.728017420374606, 27.302254761952927, 40.22029370621758, 73.13546750880667, 35.69748788272115, 36.56912029715302, 25.692018752684643, 38.26568130434063]","[1000, 1000, 1000, 1000, 1000, 1000, 1000, 1000, 1000, 1000, 1000, 1000, 1000, 1000, 1000, 1000]",0.14800993540515017,0.7540746392435319,0.03168565470910662,0.7032748425858906,0.0,2165.295,4433.576,2515.179,3816.826,1.742,393600,393600,22.11428571428571,70.72857142857143,0.0,1.5,0.0006692369891822996,0.9325174796581268,-0.03510658064236243,0.9386354708671569,0.9448421,0.019325728565454482,-4.33255028406779,0.0
84.41344819216462,24.207352487241764,44.99688520768115,1000.0,8,8,403200,False,384,42,ad06e7185bcb4af590941567e34aaccc,2021-04-09_12-45-19,1617997519,4.587250232696533,227.72052216529846,12989,4650286b7eb1,172.17.0.2,13.973540306091309,0,3,120bf_00000,nan,nan,nan,28.315615748997896,19.204096022205665,40.52039364229567,"[37.26482900858992, 55.54429400600882, 25.90347471392018, 52.65179760910256, 47.795555656828036, 24.207352487241764, 46.654749049070425, 42.84537156195078, 56.728017420374606, 27.302254761952927, 40.22029370621758, 73.13546750880667, 35.69748788272115, 36.56912029715302, 25.692018752684643, 38.26568130434063, 39.629474217172515, 54.88245818910982, 84.41344819216462, 29.013899511577307, 75.11938606038791, 37.58128303297629, 33.7066793821107, 59.100850671884906]","[1000, 1000, 1000, 1000, 1000, 1000, 1000, 1000, 1000, 1000, 1000, 1000, 1000, 1000, 1000, 1000, 1000, 1000, 1000, 1000, 1000, 1000, 1000, 1000]",0.14701655799603608,0.7549299549006122,0.03172060444715311,0.6969767084818175,0.0,2120.171,4527.937,2527.18,3798.701,1.646,403200,403200,21.21428571428572,70.71428571428571,0.0,1.5,0.0006692369891822996,0.35648788839578627,-0.04383871390794714,0.3762661987543106,0.9763968,0.01604026901225249,-4.342677561442057,0.0
84.41344819216462,23.55981472695969,45.00057051699467,1000.0,8,8,412800,False,392,43,ad06e7185bcb4af590941567e34aaccc,2021-04-09_12-45-24,1617997524,4.86244010925293,232.5829622745514,12989,4650286b7eb1,172.17.0.2,18.83598041534424,0,4,120bf_00000,nan,nan,nan,28.183338940919676,18.378087904564858,40.52039364229567,"[83.57500505223952, 43.46029288031671, 45.43270238037615, 46.02231832311851, 29.94537792086807, 33.09922629418314, 23.55981472695969, 54.998273981419985, 56.728017420374606, 27.302254761952927, 40.22029370621758, 73.13546750880667, 35.69748788272115, 36.56912029715302, 25.692018752684643, 38.26568130434063, 39.629474217172515, 54.88245818910982, 84.41344819216462, 29.013899511577307, 75.11938606038791, 37.58128303297629, 33.7066793821107, 59.100850671884906, 37.26482900858992, 55.54429400600882, 25.90347471392018, 52.65179760910256, 47.795555656828036, 24.207352487241764, 46.654749049070425, 42.84537156195078]","[1000, 1000, 1000, 1000, 1000, 1000, 1000, 1000, 1000, 1000, 1000, 1000, 1000, 1000, 1000, 1000, 1000, 1000, 1000, 1000, 1000, 1000, 1000, 1000, 1000, 1000, 1000, 1000, 1000, 1000, 1000, 1000]",0.1463709489263499,0.7639080298173487,0.03174627361623328,0.6927187226285367,0.0,2140.552,4484.825,2558.98,3751.495,1.628,412800,412800,25.33333333333334,70.73333333333333,0.0,1.5,0.0006692369891822996,0.7438185807069143,-0.045513074398040775,0.7590243097146352,0.96170646,0.020204892096420127,-4.376447474161784,0.0
96.50830194136319,23.55981472695969,49.60754651336807,1000.0,16,8,422400,False,408,44,ad06e7185bcb4af590941567e34aaccc,2021-04-09_12-45-29,1617997529,4.810304164886475,237.39326643943787,12989,4650286b7eb1,172.17.0.2,23.646284580230713,0,5,120bf_00000,nan,nan,nan,26.614677849213734,17.919111090131718,40.52039364229567,"[51.75950592617614, 52.32953287201043, 30.849621742079297, 94.34067382872296, 60.161874242005766, 39.74976872182516, 95.39320330919104, 96.50830194136319, 78.18729512337872, 64.03704857909311, 47.43581587442709, 53.37273017728368, 40.11355712968164, 32.624192194796024, 55.64302655763865, 48.637827878165226, 56.728017420374606, 27.302254761952927, 40.22029370621758, 73.13546750880667, 35.69748788272115, 36.56912029715302, 25.692018752684643, 38.26568130434063, 39.629474217172515, 54.88245818910982, 84.41344819216462, 29.013899511577307, 75.11938606038791, 37.58128303297629, 33.7066793821107, 59.100850671884906, 37.26482900858992, 55.54429400600882, 25.90347471392018, 52.65179760910256, 47.795555656828036, 24.207352487241764, 46.654749049070425, 42.84537156195078, 83.57500505223952, 43.46029288031671, 45.43270238037615, 46.02231832311851, 29.94537792086807, 33.09922629418314, 23.55981472695969, 54.998273981419985]","[1000, 1000, 1000, 1000, 1000, 1000, 1000, 1000, 1000, 1000, 1000, 1000, 1000, 1000, 1000, 1000, 1000, 1000, 1000, 1000, 1000, 1000, 1000, 1000, 1000, 1000, 1000, 1000, 1000, 1000, 1000, 1000, 1000, 1000, 1000, 1000, 1000, 1000, 1000, 1000, 1000, 1000, 1000, 1000, 1000, 1000, 1000, 1000]",0.14954415925746628,0.7715246748137671,0.03181426902428324,0.6884839117353859,0.0,2141.634,4482.56,2578.715,3722.784,1.632,422400,422400,22.657142857142855,70.8,0.0,2.25,0.0006692369891822996,1.4768441541989645,-0.033239667223145565,1.4710326059659322,0.9445206,0.017356096245348455,-4.486168142954509,0.0
102.10535911338329,23.55981472695969,50.19049286026618,1000.0,8,8,432000,False,416,45,ad06e7185bcb4af590941567e34aaccc,2021-04-09_12-45-33,1617997533,4.796501398086548,242.1897678375244,12989,4650286b7eb1,172.17.0.2,28.44278597831726,0,6,120bf_00000,nan,nan,nan,26.954213945049435,17.693734843527473,47.294303478753434,"[39.61400121903241, 62.3075008902582, 49.72272909934349, 102.10535911338329, 60.44910789404271, 41.886875844167925, 35.10826486476222, 38.31152860824832, 56.728017420374606, 27.302254761952927, 40.22029370621758, 73.13546750880667, 35.69748788272115, 36.56912029715302, 25.692018752684643, 38.26568130434063, 39.629474217172515, 54.88245818910982, 84.41344819216462, 29.013899511577307, 75.11938606038791, 37.58128303297629, 33.7066793821107, 59.100850671884906, 37.26482900858992, 55.54429400600882, 25.90347471392018, 52.65179760910256, 47.795555656828036, 24.207352487241764, 46.654749049070425, 42.84537156195078, 83.57500505223952, 43.46029288031671, 45.43270238037615, 46.02231832311851, 29.94537792086807, 33.09922629418314, 23.55981472695969, 54.998273981419985, 51.75950592617614, 52.32953287201043, 30.849621742079297, 94.34067382872296, 60.161874242005766, 39.74976872182516, 95.39320330919104, 96.50830194136319, 78.18729512337872, 64.03704857909311, 47.43581587442709, 53.37273017728368, 40.11355712968164, 32.624192194796024, 55.64302655763865, 48.637827878165226]","[1000, 1000, 1000, 1000, 1000, 1000, 1000, 1000, 1000, 1000, 1000, 1000, 1000, 1000, 1000, 1000, 1000, 1000, 1000, 1000, 1000, 1000, 1000, 1000, 1000, 1000, 1000, 1000, 1000, 1000, 1000, 1000, 1000, 1000, 1000, 1000, 1000, 1000, 1000, 1000, 1000, 1000, 1000, 1000, 1000, 1000, 1000, 1000, 1000, 1000, 1000, 1000, 1000, 1000, 1000, 1000]",0.1501634459274562,0.7732508799439116,0.03184079559136888,0.6872752683123109,0.0,2138.39,4489.36,2593.588,3701.436,1.607,432000,432000,22.657142857142855,70.8,0.0,2.25,0.0006692369891822996,0.8321880714098613,-0.03413555557529131,0.8382378683487575,0.96144205,0.012482557147741317,-4.418232116699219,0.0
102.10535911338329,23.55981472695969,50.27776903682523,1000.0,8,8,441600,False,424,46,ad06e7185bcb4af590941567e34aaccc,2021-04-09_12-45-38,1617997538,4.603363275527954,246.79313111305237,12989,4650286b7eb1,172.17.0.2,33.046149253845215,0,7,120bf_00000,nan,nan,nan,27.61379589938594,17.693734843527473,47.294303478753434,"[54.2443890577503, 32.79740423048905, 30.868718432482705, 68.22837130044687, 78.04546633669344, 35.82281807609371, 37.90988631292122, 69.19256443503116, 56.728017420374606, 27.302254761952927, 40.22029370621758, 73.13546750880667, 35.69748788272115, 36.56912029715302, 25.692018752684643, 38.26568130434063, 39.629474217172515, 54.88245818910982, 84.41344819216462, 29.013899511577307, 75.11938606038791, 37.58128303297629, 33.7066793821107, 59.100850671884906, 37.26482900858992, 55.54429400600882, 25.90347471392018, 52.65179760910256, 47.795555656828036, 24.207352487241764, 46.654749049070425, 42.84537156195078, 83.57500505223952, 43.46029288031671, 45.43270238037615, 46.02231832311851, 29.94537792086807, 33.09922629418314, 23.55981472695969, 54.998273981419985, 51.75950592617614, 52.32953287201043, 30.849621742079297, 94.34067382872296, 60.161874242005766, 39.74976872182516, 95.39320330919104, 96.50830194136319, 78.18729512337872, 64.03704857909311, 47.43581587442709, 53.37273017728368, 40.11355712968164, 32.624192194796024, 55.64302655763865, 48.637827878165226, 39.61400121903241, 62.3075008902582, 49.72272909934349, 102.10535911338329, 60.44910789404271, 41.886875844167925, 35.10826486476222, 38.31152860824832]","[1000, 1000, 1000, 1000, 1000, 1000, 1000, 1000, 1000, 1000, 1000, 1000, 1000, 1000, 1000, 1000, 1000, 1000, 1000, 1000, 1000, 1000, 1000, 1000, 1000, 1000, 1000, 1000, 1000, 1000, 1000, 1000, 1000, 1000, 1000, 1000, 1000, 1000, 1000, 1000, 1000, 1000, 1000, 1000, 1000, 1000, 1000, 1000, 1000, 1000, 1000, 1000, 1000, 1000, 1000, 1000, 1000, 1000, 1000, 1000, 1000, 1000, 1000, 1000]",0.1504287528522843,0.7740938056135552,0.031856326957638396,0.6861625737734143,0.0,2125.858,4515.823,2586.826,3711.112,1.603,441600,441600,21.74285714285714,70.78571428571429,0.0,2.25,0.0006692369891822996,0.5922727298736572,-0.035428753097852074,0.5986213628451029,0.97216916,0.01292449386169513,-4.42002805074056,0.0
137.06163731588296,23.55981472695969,51.707143092396215,1000.0,8,8,451200,False,432,47,ad06e7185bcb4af590941567e34aaccc,2021-04-09_12-45-43,1617997543,4.7804248332977295,251.5735559463501,12989,4650286b7eb1,172.17.0.2,37.826574087142944,0,8,120bf_00000,nan,nan,nan,27.95983225155643,17.693734843527473,47.294303478753434,"[137.06163731588296, 43.37616022427287, 39.97419910714616, 102.74936279356015, 30.132609211025162, 45.383939262149326, 71.62395643349512, 34.83521994818117, 56.728017420374606, 27.302254761952927, 40.22029370621758, 73.13546750880667, 35.69748788272115, 36.56912029715302, 25.692018752684643, 38.26568130434063, 39.629474217172515, 54.88245818910982, 84.41344819216462, 29.013899511577307, 75.11938606038791, 37.58128303297629, 33.7066793821107, 59.100850671884906, 37.26482900858992, 55.54429400600882, 25.90347471392018, 52.65179760910256, 47.795555656828036, 24.207352487241764, 46.654749049070425, 42.84537156195078, 83.57500505223952, 43.46029288031671, 45.43270238037615, 46.02231832311851, 29.94537792086807, 33.09922629418314, 23.55981472695969, 54.998273981419985, 51.75950592617614, 52.32953287201043, 30.849621742079297, 94.34067382872296, 60.161874242005766, 39.74976872182516, 95.39320330919104, 96.50830194136319, 78.18729512337872, 64.03704857909311, 47.43581587442709, 53.37273017728368, 40.11355712968164, 32.624192194796024, 55.64302655763865, 48.637827878165226, 39.61400121903241, 62.3075008902582, 49.72272909934349, 102.10535911338329, 60.44910789404271, 41.886875844167925, 35.10826486476222, 38.31152860824832, 54.2443890577503, 32.79740423048905, 30.868718432482705, 68.22837130044687, 78.04546633669344, 35.82281807609371, 37.90988631292122, 69.19256443503116]","[1000, 1000, 1000, 1000, 1000, 1000, 1000, 1000, 1000, 1000, 1000, 1000, 1000, 1000, 1000, 1000, 1000, 1000, 1000, 1000, 1000, 1000, 1000, 1000, 1000, 1000, 1000, 1000, 1000, 1000, 1000, 1000, 1000, 1000, 1000, 1000, 1000, 1000, 1000, 1000, 1000, 1000, 1000, 1000, 1000, 1000, 1000, 1000, 1000, 1000, 1000, 1000, 1000, 1000, 1000, 1000, 1000, 1000, 1000, 1000, 1000, 1000, 1000, 1000, 1000, 1000, 1000, 1000, 1000, 1000, 1000, 1000]",0.15053264638099376,0.7746597197698518,0.03187498040432976,0.6853917618591139,0.0,2130.292,4506.424,2590.014,3706.544,1.606,451200,451200,21.91428571428571,70.75714285714287,0.0,2.25,0.0006692369891822996,1.5692650254567464,-0.030745723582804203,1.5660044185320536,0.93397045,0.015113937643667062,-4.446876837412517,0.0
138.93236745660604,23.55981472695969,53.433075424562546,1000.0,8,8,460800,False,440,48,ad06e7185bcb4af590941567e34aaccc,2021-04-09_12-45-48,1617997548,4.700832843780518,256.2743887901306,12989,4650286b7eb1,172.17.0.2,42.52740693092346,0,9,120bf_00000,nan,nan,nan,27.971742030685412,17.693734843527473,47.294303478753434,"[84.49832750714629, 47.86211951148847, 40.582892525808425, 138.93236745660604, 59.235874801955546, 50.27278448787046, 85.3080187864046, 45.0393462351961, 56.728017420374606, 27.302254761952927, 40.22029370621758, 73.13546750880667, 35.69748788272115, 36.56912029715302, 25.692018752684643, 38.26568130434063, 39.629474217172515, 54.88245818910982, 84.41344819216462, 29.013899511577307, 75.11938606038791, 37.58128303297629, 33.7066793821107, 59.100850671884906, 37.26482900858992, 55.54429400600882, 25.90347471392018, 52.65179760910256, 47.795555656828036, 24.207352487241764, 46.654749049070425, 42.84537156195078, 83.57500505223952, 43.46029288031671, 45.43270238037615, 46.02231832311851, 29.94537792086807, 33.09922629418314, 23.55981472695969, 54.998273981419985, 51.75950592617614, 52.32953287201043, 30.849621742079297, 94.34067382872296, 60.161874242005766, 39.74976872182516, 95.39320330919104, 96.50830194136319, 78.18729512337872, 64.03704857909311, 47.43581587442709, 53.37273017728368, 40.11355712968164, 32.624192194796024, 55.64302655763865, 48.637827878165226, 39.61400121903241, 62.3075008902582, 49.72272909934349, 102.10535911338329, 60.44910789404271, 41.886875844167925, 35.10826486476222, 38.31152860824832, 54.2443890577503, 32.79740423048905, 30.868718432482705, 68.22837130044687, 78.04546633669344, 35.82281807609371, 37.90988631292122, 69.19256443503116, 137.06163731588296, 43.37616022427287, 39.97419910714616, 102.74936279356015, 30.132609211025162, 45.383939262149326, 71.62395643349512, 34.83521994818117]","[1000, 1000, 1000, 1000, 1000, 1000, 1000, 1000, 1000, 1000, 1000, 1000, 1000, 1000, 1000, 1000, 1000, 1000, 1000, 1000, 1000, 1000, 1000, 1000, 1000, 1000, 1000, 1000, 1000, 1000, 1000, 1000, 1000, 1000, 1000, 1000, 1000, 1000, 1000, 1000, 1000, 1000, 1000, 1000, 1000, 1000, 1000, 1000, 1000, 1000, 1000, 1000, 1000, 1000, 1000, 1000, 1000, 1000, 1000, 1000, 1000, 1000, 1000, 1000, 1000, 1000, 1000, 1000, 1000, 1000, 1000, 1000, 1000, 1000, 1000, 1000, 1000, 1000, 1000, 1000]",0.15051280829786715,0.7748435619167536,0.03188635510132394,0.6846265988588228,0.0,2120.769,4526.661,2596.666,3697.048,1.596,460800,460800,22.96666666666667,70.76666666666667,0.0,2.25,0.0006692369891822996,1.486042143503825,-0.03093322624762853,1.4837149000167846,0.95174927,0.01478241704404354,-4.438176256815592,0.0
138.93236745660604,23.55981472695969,55.360521616331226,1000.0,16,8,470400,False,456,49,ad06e7185bcb4af590941567e34aaccc,2021-04-09_12-45-52,1617997552,4.766742706298828,261.04113149642944,12989,4650286b7eb1,172.17.0.2,47.29414963722229,0,10,120bf_00000,nan,nan,nan,27.423680275696082,13.43947187006211,47.294303478753434,"[48.5766285490846, 86.6899817682595, 91.74363400434841, 37.680168258094795, 63.45885479290408, 38.51162279264182, 54.2767081988235, 62.96314661216536, 43.43568283703322, 90.9509047228561, 28.09755166493891, 45.15855954836727, 62.43043782484496, 125.36972860388795, 86.97639313329333, 73.64403789125045, 56.728017420374606, 27.302254761952927, 40.22029370621758, 73.13546750880667, 35.69748788272115, 36.56912029715302, 25.692018752684643, 38.26568130434063, 39.629474217172515, 54.88245818910982, 84.41344819216462, 29.013899511577307, 75.11938606038791, 37.58128303297629, 33.7066793821107, 59.100850671884906, 37.26482900858992, 55.54429400600882, 25.90347471392018, 52.65179760910256, 47.795555656828036, 24.207352487241764, 46.654749049070425, 42.84537156195078, 83.57500505223952, 43.46029288031671, 45.43270238037615, 46.02231832311851, 29.94537792086807, 33.09922629418314, 23.55981472695969, 54.998273981419985, 51.75950592617614, 52.32953287201043, 30.849621742079297, 94.34067382872296, 60.161874242005766, 39.74976872182516, 95.39320330919104, 96.50830194136319, 78.18729512337872, 64.03704857909311, 47.43581587442709, 53.37273017728368, 40.11355712968164, 32.624192194796024, 55.64302655763865, 48.637827878165226, 39.61400121903241, 62.3075008902582, 49.72272909934349, 102.10535911338329, 60.44910789404271, 41.886875844167925, 35.10826486476222, 38.31152860824832, 54.2443890577503, 32.79740423048905, 30.868718432482705, 68.22837130044687, 78.04546633669344, 35.82281807609371, 37.90988631292122, 69.19256443503116, 137.06163731588296, 43.37616022427287, 39.97419910714616, 102.74936279356015, 30.132609211025162, 45.383939262149326, 71.62395643349512, 34.83521994818117, 84.49832750714629, 47.86211951148847, 40.582892525808425, 138.93236745660604, 59.235874801955546, 50.27278448787046, 85.3080187864046, 45.0393462351961]","[1000, 1000, 1000, 1000, 1000, 1000, 1000, 1000, 1000, 1000, 1000, 1000, 1000, 1000, 1000, 1000, 1000, 1000, 1000, 1000, 1000, 1000, 1000, 1000, 1000, 1000, 1000, 1000, 1000, 1000, 1000, 1000, 1000, 1000, 1000, 1000, 1000, 1000, 1000, 1000, 1000, 1000, 1000, 1000, 1000, 1000, 1000, 1000, 1000, 1000, 1000, 1000, 1000, 1000, 1000, 1000, 1000, 1000, 1000, 1000, 1000, 1000, 1000, 1000, 1000, 1000, 1000, 1000, 1000, 1000, 1000, 1000, 1000, 1000, 1000, 1000, 1000, 1000, 1000, 1000, 1000, 1000, 1000, 1000, 1000, 1000, 1000, 1000, 1000, 1000, 1000, 1000, 1000, 1000, 1000, 1000]",0.1512738382991078,0.7748033020265349,0.031901784656610706,0.6833238185427435,0.0,2120.41,4527.427,2601.207,3690.594,1.629,470400,470400,22.72857142857143,70.84285714285714,0.0,2.25,0.0006692369891822996,2.378093859354655,-0.026668184362351896,2.3617508220672607,0.9423307,0.01911609829713901,-4.557247905731201,0.0
138.93236745660604,23.55981472695969,55.775921920910534,1000.0,8,8,480000,False,464,50,ad06e7185bcb4af590941567e34aaccc,2021-04-09_12-45-57,1617997557,4.7231786251068115,265.76431012153625,12989,4650286b7eb1,172.17.0.2,52.0173282623291,0,11,120bf_00000,nan,nan,nan,27.862180229806544,13.43947187006211,50.87523199966436,"[49.42745574517068, 43.79935960074797, 51.77580886095874, 88.85546025047937, 31.387134626699357, 107.7905942886202, 34.66594654111203, 52.666390406818174, 35.69748788272115, 36.56912029715302, 25.692018752684643, 38.26568130434063, 39.629474217172515, 54.88245818910982, 84.41344819216462, 29.013899511577307, 75.11938606038791, 37.58128303297629, 33.7066793821107, 59.100850671884906, 37.26482900858992, 55.54429400600882, 25.90347471392018, 52.65179760910256, 47.795555656828036, 24.207352487241764, 46.654749049070425, 42.84537156195078, 83.57500505223952, 43.46029288031671, 45.43270238037615, 46.02231832311851, 29.94537792086807, 33.09922629418314, 23.55981472695969, 54.998273981419985, 51.75950592617614, 52.32953287201043, 30.849621742079297, 94.34067382872296, 60.161874242005766, 39.74976872182516, 95.39320330919104, 96.50830194136319, 78.18729512337872, 64.03704857909311, 47.43581587442709, 53.37273017728368, 40.11355712968164, 32.624192194796024, 55.64302655763865, 48.637827878165226, 39.61400121903241, 62.3075008902582, 49.72272909934349, 102.10535911338329, 60.44910789404271, 41.886875844167925, 35.10826486476222, 38.31152860824832, 54.2443890577503, 32.79740423048905, 30.868718432482705, 68.22837130044687, 78.04546633669344, 35.82281807609371, 37.90988631292122, 69.19256443503116, 137.06163731588296, 43.37616022427287, 39.97419910714616, 102.74936279356015, 30.132609211025162, 45.383939262149326, 71.62395643349512, 34.83521994818117, 84.49832750714629, 47.86211951148847, 40.582892525808425, 138.93236745660604, 59.235874801955546, 50.27278448787046, 85.3080187864046, 45.0393462351961, 48.5766285490846, 86.6899817682595, 91.74363400434841, 37.680168258094795, 63.45885479290408, 38.51162279264182, 54.2767081988235, 62.96314661216536, 43.43568283703322, 90.9509047228561, 28.09755166493891, 45.15855954836727, 62.43043782484496, 125.36972860388795, 86.97639313329333, 73.64403789125045]","[1000, 1000, 1000, 1000, 1000, 1000, 1000, 1000, 1000, 1000, 1000, 1000, 1000, 1000, 1000, 1000, 1000, 1000, 1000, 1000, 1000, 1000, 1000, 1000, 1000, 1000, 1000, 1000, 1000, 1000, 1000, 1000, 1000, 1000, 1000, 1000, 1000, 1000, 1000, 1000, 1000, 1000, 1000, 1000, 1000, 1000, 1000, 1000, 1000, 1000, 1000, 1000, 1000, 1000, 1000, 1000, 1000, 1000, 1000, 1000, 1000, 1000, 1000, 1000, 1000, 1000, 1000, 1000, 1000, 1000, 1000, 1000, 1000, 1000, 1000, 1000, 1000, 1000, 1000, 1000, 1000, 1000, 1000, 1000, 1000, 1000, 1000, 1000, 1000, 1000, 1000, 1000, 1000, 1000, 1000, 1000, 1000, 1000, 1000, 1000]",0.1516795082403809,0.7753107483818156,0.03192007563401715,0.6814941526542158,0.0,2102.04,4566.991,2616.926,3668.426,1.648,480000,480000,21.814285714285713,71.01428571428572,0.0,2.25,0.0006692369891822996,0.8842779990037283,-0.03401889647046725,0.8912746095657349,0.9721737,0.012009900224705538,-4.465239454905192,0.0
138.93236745660604,23.55981472695969,56.95577673719607,1000.0,8,8,489600,False,472,51,ad06e7185bcb4af590941567e34aaccc,2021-04-09_12-46-02,1617997562,4.619729280471802,270.38403940200806,12989,4650286b7eb1,172.17.0.2,56.6370575428009,0,12,120bf_00000,nan,nan,nan,27.368535101629874,13.43947187006211,50.87523199966436,"[27.547127789523923, 90.22005849733387, 59.937976243547844, 63.44888765543132, 41.38005234446089, 49.57071479688294, 48.62702467666757, 81.41722797162937, 75.11938606038791, 37.58128303297629, 33.7066793821107, 59.100850671884906, 37.26482900858992, 55.54429400600882, 25.90347471392018, 52.65179760910256, 47.795555656828036, 24.207352487241764, 46.654749049070425, 42.84537156195078, 83.57500505223952, 43.46029288031671, 45.43270238037615, 46.02231832311851, 29.94537792086807, 33.09922629418314, 23.55981472695969, 54.998273981419985, 51.75950592617614, 52.32953287201043, 30.849621742079297, 94.34067382872296, 60.161874242005766, 39.74976872182516, 95.39320330919104, 96.50830194136319, 78.18729512337872, 64.03704857909311, 47.43581587442709, 53.37273017728368, 40.11355712968164, 32.624192194796024, 55.64302655763865, 48.637827878165226, 39.61400121903241, 62.3075008902582, 49.72272909934349, 102.10535911338329, 60.44910789404271, 41.886875844167925, 35.10826486476222, 38.31152860824832, 54.2443890577503, 32.79740423048905, 30.868718432482705, 68.22837130044687, 78.04546633669344, 35.82281807609371, 37.90988631292122, 69.19256443503116, 137.06163731588296, 43.37616022427287, 39.97419910714616, 102.74936279356015, 30.132609211025162, 45.383939262149326, 71.62395643349512, 34.83521994818117, 84.49832750714629, 47.86211951148847, 40.582892525808425, 138.93236745660604, 59.235874801955546, 50.27278448787046, 85.3080187864046, 45.0393462351961, 48.5766285490846, 86.6899817682595, 91.74363400434841, 37.680168258094795, 63.45885479290408, 38.51162279264182, 54.2767081988235, 62.96314661216536, 43.43568283703322, 90.9509047228561, 28.09755166493891, 45.15855954836727, 62.43043782484496, 125.36972860388795, 86.97639313329333, 73.64403789125045, 49.42745574517068, 43.79935960074797, 51.77580886095874, 88.85546025047937, 31.387134626699357, 107.7905942886202, 34.66594654111203, 52.666390406818174]","[1000, 1000, 1000, 1000, 1000, 1000, 1000, 1000, 1000, 1000, 1000, 1000, 1000, 1000, 1000, 1000, 1000, 1000, 1000, 1000, 1000, 1000, 1000, 1000, 1000, 1000, 1000, 1000, 1000, 1000, 1000, 1000, 1000, 1000, 1000, 1000, 1000, 1000, 1000, 1000, 1000, 1000, 1000, 1000, 1000, 1000, 1000, 1000, 1000, 1000, 1000, 1000, 1000, 1000, 1000, 1000, 1000, 1000, 1000, 1000, 1000, 1000, 1000, 1000, 1000, 1000, 1000, 1000, 1000, 1000, 1000, 1000, 1000, 1000, 1000, 1000, 1000, 1000, 1000, 1000, 1000, 1000, 1000, 1000, 1000, 1000, 1000, 1000, 1000, 1000, 1000, 1000, 1000, 1000, 1000, 1000, 1000, 1000, 1000, 1000]",0.15202965554001077,0.7769863447497136,0.03194677816707427,0.6794588814787786,0.0,2100.91,4569.449,2617.546,3667.557,1.61,489600,489600,21.057142857142857,70.8,0.0,2.25,0.0006692369891822996,0.9227083977063497,-0.030151909204820793,0.9206648035844167,0.97180593,0.014309121494491895,-4.490347105662028,0.0
138.93236745660604,23.55981472695969,58.159900546108666,1000.0,8,8,499200,False,480,52,ad06e7185bcb4af590941567e34aaccc,2021-04-09_12-46-07,1617997567,4.731292247772217,275.1153316497803,12989,4650286b7eb1,172.17.0.2,61.36834979057312,0,13,120bf_00000,nan,nan,nan,27.687799100423923,13.43947187006211,50.87523199966436,"[33.75172869100192, 58.88148067800219, 60.99510057060444, 42.263362461730004, 26.301427931294945, 118.8726504679294, 81.04705687278468, 75.17216770289457, 47.795555656828036, 24.207352487241764, 46.654749049070425, 42.84537156195078, 83.57500505223952, 43.46029288031671, 45.43270238037615, 46.02231832311851, 29.94537792086807, 33.09922629418314, 23.55981472695969, 54.998273981419985, 51.75950592617614, 52.32953287201043, 30.849621742079297, 94.34067382872296, 60.161874242005766, 39.74976872182516, 95.39320330919104, 96.50830194136319, 78.18729512337872, 64.03704857909311, 47.43581587442709, 53.37273017728368, 40.11355712968164, 32.624192194796024, 55.64302655763865, 48.637827878165226, 39.61400121903241, 62.3075008902582, 49.72272909934349, 102.10535911338329, 60.44910789404271, 41.886875844167925, 35.10826486476222, 38.31152860824832, 54.2443890577503, 32.79740423048905, 30.868718432482705, 68.22837130044687, 78.04546633669344, 35.82281807609371, 37.90988631292122, 69.19256443503116, 137.06163731588296, 43.37616022427287, 39.97419910714616, 102.74936279356015, 30.132609211025162, 45.383939262149326, 71.62395643349512, 34.83521994818117, 84.49832750714629, 47.86211951148847, 40.582892525808425, 138.93236745660604, 59.235874801955546, 50.27278448787046, 85.3080187864046, 45.0393462351961, 48.5766285490846, 86.6899817682595, 91.74363400434841, 37.680168258094795, 63.45885479290408, 38.51162279264182, 54.2767081988235, 62.96314661216536, 43.43568283703322, 90.9509047228561, 28.09755166493891, 45.15855954836727, 62.43043782484496, 125.36972860388795, 86.97639313329333, 73.64403789125045, 49.42745574517068, 43.79935960074797, 51.77580886095874, 88.85546025047937, 31.387134626699357, 107.7905942886202, 34.66594654111203, 52.666390406818174, 27.547127789523923, 90.22005849733387, 59.937976243547844, 63.44888765543132, 41.38005234446089, 49.57071479688294, 48.62702467666757, 81.41722797162937]","[1000, 1000, 1000, 1000, 1000, 1000, 1000, 1000, 1000, 1000, 1000, 1000, 1000, 1000, 1000, 1000, 1000, 1000, 1000, 1000, 1000, 1000, 1000, 1000, 1000, 1000, 1000, 1000, 1000, 1000, 1000, 1000, 1000, 1000, 1000, 1000, 1000, 1000, 1000, 1000, 1000, 1000, 1000, 1000, 1000, 1000, 1000, 1000, 1000, 1000, 1000, 1000, 1000, 1000, 1000, 1000, 1000, 1000, 1000, 1000, 1000, 1000, 1000, 1000, 1000, 1000, 1000, 1000, 1000, 1000, 1000, 1000, 1000, 1000, 1000, 1000, 1000, 1000, 1000, 1000, 1000, 1000, 1000, 1000, 1000, 1000, 1000, 1000, 1000, 1000, 1000, 1000, 1000, 1000, 1000, 1000, 1000, 1000, 1000, 1000]",0.15251737815220065,0.7780360383705529,0.031954874157028634,0.6782312536769468,0.0,2105.706,4559.042,2627.12,3654.191,1.625,499200,499200,23.466666666666665,70.8,0.0,2.25,0.0006692369891822996,1.0565743652979533,-0.034625367621580756,1.0561865282058716,0.96711123,0.015561426058411598,-4.484494222005209,0.0
138.93236745660604,23.55981472695969,60.02184036282075,1000.0,8,8,508800,False,488,53,ad06e7185bcb4af590941567e34aaccc,2021-04-09_12-46-11,1617997571,4.7463884353637695,279.86172008514404,12989,4650286b7eb1,172.17.0.2,66.11473822593689,0,14,120bf_00000,nan,nan,nan,27.359309268440256,13.43947187006211,50.87523199966436,"[50.65771174978444, 85.99061582908904, 80.77767366791085, 93.10168533941943, 35.354879374396276, 62.555480454308615, 95.06636397797011, 62.68291866947014, 29.94537792086807, 33.09922629418314, 23.55981472695969, 54.998273981419985, 51.75950592617614, 52.32953287201043, 30.849621742079297, 94.34067382872296, 60.161874242005766, 39.74976872182516, 95.39320330919104, 96.50830194136319, 78.18729512337872, 64.03704857909311, 47.43581587442709, 53.37273017728368, 40.11355712968164, 32.624192194796024, 55.64302655763865, 48.637827878165226, 39.61400121903241, 62.3075008902582, 49.72272909934349, 102.10535911338329, 60.44910789404271, 41.886875844167925, 35.10826486476222, 38.31152860824832, 54.2443890577503, 32.79740423048905, 30.868718432482705, 68.22837130044687, 78.04546633669344, 35.82281807609371, 37.90988631292122, 69.19256443503116, 137.06163731588296, 43.37616022427287, 39.97419910714616, 102.74936279356015, 30.132609211025162, 45.383939262149326, 71.62395643349512, 34.83521994818117, 84.49832750714629, 47.86211951148847, 40.582892525808425, 138.93236745660604, 59.235874801955546, 50.27278448787046, 85.3080187864046, 45.0393462351961, 48.5766285490846, 86.6899817682595, 91.74363400434841, 37.680168258094795, 63.45885479290408, 38.51162279264182, 54.2767081988235, 62.96314661216536, 43.43568283703322, 90.9509047228561, 28.09755166493891, 45.15855954836727, 62.43043782484496, 125.36972860388795, 86.97639313329333, 73.64403789125045, 49.42745574517068, 43.79935960074797, 51.77580886095874, 88.85546025047937, 31.387134626699357, 107.7905942886202, 34.66594654111203, 52.666390406818174, 27.547127789523923, 90.22005849733387, 59.937976243547844, 63.44888765543132, 41.38005234446089, 49.57071479688294, 48.62702467666757, 81.41722797162937, 33.75172869100192, 58.88148067800219, 60.99510057060444, 42.263362461730004, 26.301427931294945, 118.8726504679294, 81.04705687278468, 75.17216770289457]","[1000, 1000, 1000, 1000, 1000, 1000, 1000, 1000, 1000, 1000, 1000, 1000, 1000, 1000, 1000, 1000, 1000, 1000, 1000, 1000, 1000, 1000, 1000, 1000, 1000, 1000, 1000, 1000, 1000, 1000, 1000, 1000, 1000, 1000, 1000, 1000, 1000, 1000, 1000, 1000, 1000, 1000, 1000, 1000, 1000, 1000, 1000, 1000, 1000, 1000, 1000, 1000, 1000, 1000, 1000, 1000, 1000, 1000, 1000, 1000, 1000, 1000, 1000, 1000, 1000, 1000, 1000, 1000, 1000, 1000, 1000, 1000, 1000, 1000, 1000, 1000, 1000, 1000, 1000, 1000, 1000, 1000, 1000, 1000, 1000, 1000, 1000, 1000, 1000, 1000, 1000, 1000, 1000, 1000, 1000, 1000, 1000, 1000, 1000, 1000]",0.15305147119850063,0.777654116101102,0.03196276215361224,0.6775310436144082,0.0,2093.355,4585.939,2627.837,3653.195,1.628,508800,508800,21.45714285714286,70.89999999999999,0.0,2.25,0.0006692369891822996,1.0776383423805236,-0.02942325865228971,1.0757153956095378,0.97242045,0.013931647588809331,-4.5292582766215,0.0
138.93236745660604,26.301427931294945,63.930909304472515,1000.0,16,8,518400,False,504,54,ad06e7185bcb4af590941567e34aaccc,2021-04-09_12-46-16,1617997576,4.967697858810425,284.82941794395447,12989,4650286b7eb1,172.17.0.2,71.08243608474731,0,15,120bf_00000,nan,nan,nan,27.955340718654817,13.43947187006211,50.87523199966436,"[55.05790956142185, 70.76460570033898, 102.73206861011319, 55.90939536974974, 135.99407659641653, 92.92913192745645, 89.11819325357132, 106.58217427939887, 54.27073225406251, 42.82050177803667, 112.57868319037034, 52.80102521810626, 115.72610637646788, 67.01006341702112, 84.31195821559075, 58.02833367804135, 40.11355712968164, 32.624192194796024, 55.64302655763865, 48.637827878165226, 39.61400121903241, 62.3075008902582, 49.72272909934349, 102.10535911338329, 60.44910789404271, 41.886875844167925, 35.10826486476222, 38.31152860824832, 54.2443890577503, 32.79740423048905, 30.868718432482705, 68.22837130044687, 78.04546633669344, 35.82281807609371, 37.90988631292122, 69.19256443503116, 137.06163731588296, 43.37616022427287, 39.97419910714616, 102.74936279356015, 30.132609211025162, 45.383939262149326, 71.62395643349512, 34.83521994818117, 84.49832750714629, 47.86211951148847, 40.582892525808425, 138.93236745660604, 59.235874801955546, 50.27278448787046, 85.3080187864046, 45.0393462351961, 48.5766285490846, 86.6899817682595, 91.74363400434841, 37.680168258094795, 63.45885479290408, 38.51162279264182, 54.2767081988235, 62.96314661216536, 43.43568283703322, 90.9509047228561, 28.09755166493891, 45.15855954836727, 62.43043782484496, 125.36972860388795, 86.97639313329333, 73.64403789125045, 49.42745574517068, 43.79935960074797, 51.77580886095874, 88.85546025047937, 31.387134626699357, 107.7905942886202, 34.66594654111203, 52.666390406818174, 27.547127789523923, 90.22005849733387, 59.937976243547844, 63.44888765543132, 41.38005234446089, 49.57071479688294, 48.62702467666757, 81.41722797162937, 33.75172869100192, 58.88148067800219, 60.99510057060444, 42.263362461730004, 26.301427931294945, 118.8726504679294, 81.04705687278468, 75.17216770289457, 50.65771174978444, 85.99061582908904, 80.77767366791085, 93.10168533941943, 35.354879374396276, 62.555480454308615, 95.06636397797011, 62.68291866947014]","[1000, 1000, 1000, 1000, 1000, 1000, 1000, 1000, 1000, 1000, 1000, 1000, 1000, 1000, 1000, 1000, 1000, 1000, 1000, 1000, 1000, 1000, 1000, 1000, 1000, 1000, 1000, 1000, 1000, 1000, 1000, 1000, 1000, 1000, 1000, 1000, 1000, 1000, 1000, 1000, 1000, 1000, 1000, 1000, 1000, 1000, 1000, 1000, 1000, 1000, 1000, 1000, 1000, 1000, 1000, 1000, 1000, 1000, 1000, 1000, 1000, 1000, 1000, 1000, 1000, 1000, 1000, 1000, 1000, 1000, 1000, 1000, 1000, 1000, 1000, 1000, 1000, 1000, 1000, 1000, 1000, 1000, 1000, 1000, 1000, 1000, 1000, 1000, 1000, 1000, 1000, 1000, 1000, 1000, 1000, 1000, 1000, 1000, 1000, 1000]",0.15354760920006721,0.7749302876240246,0.03197605161243213,0.6767503448643728,0.0,2104.869,4560.854,2632.043,3647.357,1.641,518400,518400,23.22857142857143,70.81428571428572,0.0,2.25,0.0006692369891822996,3.2521524302164715,-0.01947421957893918,3.2236992216110227,0.9429615,0.021301095883051555,-4.661671848297119,0.0
138.93236745660604,26.301427931294945,64.78421076486,1000.0,8,8,528000,False,512,55,ad06e7185bcb4af590941567e34aaccc,2021-04-09_12-46-21,1617997581,4.729702711105347,289.5591206550598,12989,4650286b7eb1,172.17.0.2,75.81213879585266,0,16,120bf_00000,nan,nan,nan,27.5739721468014,13.43947187006211,50.87523199966436,"[31.02715270394976, 59.574847982742156, 85.01795563883806, 76.75923202456515, 36.457136376034036, 58.850720662122534, 119.47751722217897, 48.93377751061749, 60.44910789404271, 41.886875844167925, 35.10826486476222, 38.31152860824832, 54.2443890577503, 32.79740423048905, 30.868718432482705, 68.22837130044687, 78.04546633669344, 35.82281807609371, 37.90988631292122, 69.19256443503116, 137.06163731588296, 43.37616022427287, 39.97419910714616, 102.74936279356015, 30.132609211025162, 45.383939262149326, 71.62395643349512, 34.83521994818117, 84.49832750714629, 47.86211951148847, 40.582892525808425, 138.93236745660604, 59.235874801955546, 50.27278448787046, 85.3080187864046, 45.0393462351961, 48.5766285490846, 86.6899817682595, 91.74363400434841, 37.680168258094795, 63.45885479290408, 38.51162279264182, 54.2767081988235, 62.96314661216536, 43.43568283703322, 90.9509047228561, 28.09755166493891, 45.15855954836727, 62.43043782484496, 125.36972860388795, 86.97639313329333, 73.64403789125045, 49.42745574517068, 43.79935960074797, 51.77580886095874, 88.85546025047937, 31.387134626699357, 107.7905942886202, 34.66594654111203, 52.666390406818174, 27.547127789523923, 90.22005849733387, 59.937976243547844, 63.44888765543132, 41.38005234446089, 49.57071479688294, 48.62702467666757, 81.41722797162937, 33.75172869100192, 58.88148067800219, 60.99510057060444, 42.263362461730004, 26.301427931294945, 118.8726504679294, 81.04705687278468, 75.17216770289457, 50.65771174978444, 85.99061582908904, 80.77767366791085, 93.10168533941943, 35.354879374396276, 62.555480454308615, 95.06636397797011, 62.68291866947014, 55.05790956142185, 70.76460570033898, 102.73206861011319, 55.90939536974974, 135.99407659641653, 92.92913192745645, 89.11819325357132, 106.58217427939887, 54.27073225406251, 42.82050177803667, 112.57868319037034, 52.80102521810626, 115.72610637646788, 67.01006341702112, 84.31195821559075, 58.02833367804135]","[1000, 1000, 1000, 1000, 1000, 1000, 1000, 1000, 1000, 1000, 1000, 1000, 1000, 1000, 1000, 1000, 1000, 1000, 1000, 1000, 1000, 1000, 1000, 1000, 1000, 1000, 1000, 1000, 1000, 1000, 1000, 1000, 1000, 1000, 1000, 1000, 1000, 1000, 1000, 1000, 1000, 1000, 1000, 1000, 1000, 1000, 1000, 1000, 1000, 1000, 1000, 1000, 1000, 1000, 1000, 1000, 1000, 1000, 1000, 1000, 1000, 1000, 1000, 1000, 1000, 1000, 1000, 1000, 1000, 1000, 1000, 1000, 1000, 1000, 1000, 1000, 1000, 1000, 1000, 1000, 1000, 1000, 1000, 1000, 1000, 1000, 1000, 1000, 1000, 1000, 1000, 1000, 1000, 1000, 1000, 1000, 1000, 1000, 1000, 1000]",0.15358445488701858,0.7735976832786872,0.03196462713355709,0.6763571230563434,0.0,2100.331,4570.708,2629.832,3650.423,1.665,528000,528000,21.5,70.8,0.0,3.375,0.0006692369891822996,1.0660487246513366,-0.025463061978419622,1.0527950060367584,0.97492135,0.01147163864225149,-4.53668088277181,0.0
138.93236745660604,26.301427931294945,66.3746833358727,1000.0,8,8,537600,False,520,56,ad06e7185bcb4af590941567e34aaccc,2021-04-09_12-46-26,1617997586,4.693647623062134,294.25276827812195,12989,4650286b7eb1,172.17.0.2,80.5057864189148,0,17,120bf_00000,nan,nan,nan,27.086719044972813,13.43947187006211,50.87523199966436,"[46.74527839577555, 71.36090301633868, 71.1441236209181, 74.47790360512099, 56.6867347336468, 53.99573603915009, 66.51636322808521, 80.01487469462487, 78.04546633669344, 35.82281807609371, 37.90988631292122, 69.19256443503116, 137.06163731588296, 43.37616022427287, 39.97419910714616, 102.74936279356015, 30.132609211025162, 45.383939262149326, 71.62395643349512, 34.83521994818117, 84.49832750714629, 47.86211951148847, 40.582892525808425, 138.93236745660604, 59.235874801955546, 50.27278448787046, 85.3080187864046, 45.0393462351961, 48.5766285490846, 86.6899817682595, 91.74363400434841, 37.680168258094795, 63.45885479290408, 38.51162279264182, 54.2767081988235, 62.96314661216536, 43.43568283703322, 90.9509047228561, 28.09755166493891, 45.15855954836727, 62.43043782484496, 125.36972860388795, 86.97639313329333, 73.64403789125045, 49.42745574517068, 43.79935960074797, 51.77580886095874, 88.85546025047937, 31.387134626699357, 107.7905942886202, 34.66594654111203, 52.666390406818174, 27.547127789523923, 90.22005849733387, 59.937976243547844, 63.44888765543132, 41.38005234446089, 49.57071479688294, 48.62702467666757, 81.41722797162937, 33.75172869100192, 58.88148067800219, 60.99510057060444, 42.263362461730004, 26.301427931294945, 118.8726504679294, 81.04705687278468, 75.17216770289457, 50.65771174978444, 85.99061582908904, 80.77767366791085, 93.10168533941943, 35.354879374396276, 62.555480454308615, 95.06636397797011, 62.68291866947014, 55.05790956142185, 70.76460570033898, 102.73206861011319, 55.90939536974974, 135.99407659641653, 92.92913192745645, 89.11819325357132, 106.58217427939887, 54.27073225406251, 42.82050177803667, 112.57868319037034, 52.80102521810626, 115.72610637646788, 67.01006341702112, 84.31195821559075, 58.02833367804135, 31.02715270394976, 59.574847982742156, 85.01795563883806, 76.75923202456515, 36.457136376034036, 58.850720662122534, 119.47751722217897, 48.93377751061749]","[1000, 1000, 1000, 1000, 1000, 1000, 1000, 1000, 1000, 1000, 1000, 1000, 1000, 1000, 1000, 1000, 1000, 1000, 1000, 1000, 1000, 1000, 1000, 1000, 1000, 1000, 1000, 1000, 1000, 1000, 1000, 1000, 1000, 1000, 1000, 1000, 1000, 1000, 1000, 1000, 1000, 1000, 1000, 1000, 1000, 1000, 1000, 1000, 1000, 1000, 1000, 1000, 1000, 1000, 1000, 1000, 1000, 1000, 1000, 1000, 1000, 1000, 1000, 1000, 1000, 1000, 1000, 1000, 1000, 1000, 1000, 1000, 1000, 1000, 1000, 1000, 1000, 1000, 1000, 1000, 1000, 1000, 1000, 1000, 1000, 1000, 1000, 1000, 1000, 1000, 1000, 1000, 1000, 1000, 1000, 1000, 1000, 1000, 1000, 1000]",0.15371992370341378,0.7725366160224694,0.03196083592423543,0.6759572521137304,0.0,2101.436,4568.304,2637.733,3639.489,1.686,537600,537600,21.585714285714285,70.8,0.0,3.375,0.0006692369891822996,0.8119250822067261,-0.024963979069143535,0.802456077337265,0.9812313,0.010202362922330697,-4.584604244232178,0.0
138.93236745660604,26.301427931294945,67.77893503621394,1000.0,8,8,547200,False,528,57,ad06e7185bcb4af590941567e34aaccc,2021-04-09_12-46-30,1617997590,4.705334901809692,298.95810317993164,12989,4650286b7eb1,172.17.0.2,85.21112132072449,0,18,120bf_00000,nan,nan,nan,27.15602443277044,13.43947187006211,50.87523199966436,"[76.89913067440047, 129.6089373951057, 69.16241245197179, 111.68992052805316, 96.75631184430613, 55.16656160911856, 73.1613556329569, 72.1126344998116, 30.132609211025162, 45.383939262149326, 71.62395643349512, 34.83521994818117, 84.49832750714629, 47.86211951148847, 40.582892525808425, 138.93236745660604, 59.235874801955546, 50.27278448787046, 85.3080187864046, 45.0393462351961, 48.5766285490846, 86.6899817682595, 91.74363400434841, 37.680168258094795, 63.45885479290408, 38.51162279264182, 54.2767081988235, 62.96314661216536, 43.43568283703322, 90.9509047228561, 28.09755166493891, 45.15855954836727, 62.43043782484496, 125.36972860388795, 86.97639313329333, 73.64403789125045, 49.42745574517068, 43.79935960074797, 51.77580886095874, 88.85546025047937, 31.387134626699357, 107.7905942886202, 34.66594654111203, 52.666390406818174, 27.547127789523923, 90.22005849733387, 59.937976243547844, 63.44888765543132, 41.38005234446089, 49.57071479688294, 48.62702467666757, 81.41722797162937, 33.75172869100192, 58.88148067800219, 60.99510057060444, 42.263362461730004, 26.301427931294945, 118.8726504679294, 81.04705687278468, 75.17216770289457, 50.65771174978444, 85.99061582908904, 80.77767366791085, 93.10168533941943, 35.354879374396276, 62.555480454308615, 95.06636397797011, 62.68291866947014, 55.05790956142185, 70.76460570033898, 102.73206861011319, 55.90939536974974, 135.99407659641653, 92.92913192745645, 89.11819325357132, 106.58217427939887, 54.27073225406251, 42.82050177803667, 112.57868319037034, 52.80102521810626, 115.72610637646788, 67.01006341702112, 84.31195821559075, 58.02833367804135, 31.02715270394976, 59.574847982742156, 85.01795563883806, 76.75923202456515, 36.457136376034036, 58.850720662122534, 119.47751722217897, 48.93377751061749, 46.74527839577555, 71.36090301633868, 71.1441236209181, 74.47790360512099, 56.6867347336468, 53.99573603915009, 66.51636322808521, 80.01487469462487]","[1000, 1000, 1000, 1000, 1000, 1000, 1000, 1000, 1000, 1000, 1000, 1000, 1000, 1000, 1000, 1000, 1000, 1000, 1000, 1000, 1000, 1000, 1000, 1000, 1000, 1000, 1000, 1000, 1000, 1000, 1000, 1000, 1000, 1000, 1000, 1000, 1000, 1000, 1000, 1000, 1000, 1000, 1000, 1000, 1000, 1000, 1000, 1000, 1000, 1000, 1000, 1000, 1000, 1000, 1000, 1000, 1000, 1000, 1000, 1000, 1000, 1000, 1000, 1000, 1000, 1000, 1000, 1000, 1000, 1000, 1000, 1000, 1000, 1000, 1000, 1000, 1000, 1000, 1000, 1000, 1000, 1000, 1000, 1000, 1000, 1000, 1000, 1000, 1000, 1000, 1000, 1000, 1000, 1000, 1000, 1000, 1000, 1000, 1000, 1000]",0.15392737857616529,0.7717341756265399,0.031959760851338136,0.6756851925626886,0.0,2100.022,4571.381,2631.644,3647.909,1.676,547200,547200,22.08571428571429,71.0,0.0,3.375,0.0006692369891822996,1.5588575760523478,-0.026640751684705418,1.5453935885429382,0.96675354,0.011882888587812583,-4.541429093678793,0.0
213.35389657277688,26.301427931294945,68.53288253538963,1000.0,8,8,556800,False,536,58,ad06e7185bcb4af590941567e34aaccc,2021-04-09_12-46-35,1617997595,4.722677707672119,303.68078088760376,12989,4650286b7eb1,172.17.0.2,89.9337990283966,0,19,120bf_00000,nan,nan,nan,27.446224733447963,13.43947187006211,50.87523199966436,"[56.15995938965565, 47.842331875061035, 43.675438385535685, 48.357233478227194, 51.863797693872264, 74.951014032218, 213.35389657277688, 33.042510346123386, 59.235874801955546, 50.27278448787046, 85.3080187864046, 45.0393462351961, 48.5766285490846, 86.6899817682595, 91.74363400434841, 37.680168258094795, 63.45885479290408, 38.51162279264182, 54.2767081988235, 62.96314661216536, 43.43568283703322, 90.9509047228561, 28.09755166493891, 45.15855954836727, 62.43043782484496, 125.36972860388795, 86.97639313329333, 73.64403789125045, 49.42745574517068, 43.79935960074797, 51.77580886095874, 88.85546025047937, 31.387134626699357, 107.7905942886202, 34.66594654111203, 52.666390406818174, 27.547127789523923, 90.22005849733387, 59.937976243547844, 63.44888765543132, 41.38005234446089, 49.57071479688294, 48.62702467666757, 81.41722797162937, 33.75172869100192, 58.88148067800219, 60.99510057060444, 42.263362461730004, 26.301427931294945, 118.8726504679294, 81.04705687278468, 75.17216770289457, 50.65771174978444, 85.99061582908904, 80.77767366791085, 93.10168533941943, 35.354879374396276, 62.555480454308615, 95.06636397797011, 62.68291866947014, 55.05790956142185, 70.76460570033898, 102.73206861011319, 55.90939536974974, 135.99407659641653, 92.92913192745645, 89.11819325357132, 106.58217427939887, 54.27073225406251, 42.82050177803667, 112.57868319037034, 52.80102521810626, 115.72610637646788, 67.01006341702112, 84.31195821559075, 58.02833367804135, 31.02715270394976, 59.574847982742156, 85.01795563883806, 76.75923202456515, 36.457136376034036, 58.850720662122534, 119.47751722217897, 48.93377751061749, 46.74527839577555, 71.36090301633868, 71.1441236209181, 74.47790360512099, 56.6867347336468, 53.99573603915009, 66.51636322808521, 80.01487469462487, 76.89913067440047, 129.6089373951057, 69.16241245197179, 111.68992052805316, 96.75631184430613, 55.16656160911856, 73.1613556329569, 72.1126344998116]","[1000, 1000, 1000, 1000, 1000, 1000, 1000, 1000, 1000, 1000, 1000, 1000, 1000, 1000, 1000, 1000, 1000, 1000, 1000, 1000, 1000, 1000, 1000, 1000, 1000, 1000, 1000, 1000, 1000, 1000, 1000, 1000, 1000, 1000, 1000, 1000, 1000, 1000, 1000, 1000, 1000, 1000, 1000, 1000, 1000, 1000, 1000, 1000, 1000, 1000, 1000, 1000, 1000, 1000, 1000, 1000, 1000, 1000, 1000, 1000, 1000, 1000, 1000, 1000, 1000, 1000, 1000, 1000, 1000, 1000, 1000, 1000, 1000, 1000, 1000, 1000, 1000, 1000, 1000, 1000, 1000, 1000, 1000, 1000, 1000, 1000, 1000, 1000, 1000, 1000, 1000, 1000, 1000, 1000, 1000, 1000, 1000, 1000, 1000, 1000]",0.1541582963013036,0.7710706453696398,0.03195785467603059,0.6754652441993106,0.0,2109.121,4551.66,2624.742,3657.503,1.67,556800,556800,25.08333333333333,70.81666666666668,0.0,3.375,0.0006692369891822996,3.7637850213050843,-0.01760794789530337,3.7225659839312235,0.93725646,0.017430217290918034,-4.582462851206461,0.0
213.35389657277688,26.301427931294945,69.2286988674202,1000.0,16,8,566400,False,552,59,ad06e7185bcb4af590941567e34aaccc,2021-04-09_12-46-40,1617997600,4.774795293807983,308.45557618141174,12989,4650286b7eb1,172.17.0.2,94.70859432220459,0,20,120bf_00000,nan,nan,nan,27.978933816942053,13.43947187006211,50.87523199966436,"[126.05320184746012, 81.16365776576451, 57.36467069560728, 44.58883836430023, 44.93906745309824, 27.997958410316897, 72.06217081109833, 52.36455106687108, 56.247086071862135, 75.62317471170196, 32.2960441596518, 44.25258270161708, 96.34716832933942, 64.34296464386935, 85.11245901289742, 40.22550521854581, 62.43043782484496, 125.36972860388795, 86.97639313329333, 73.64403789125045, 49.42745574517068, 43.79935960074797, 51.77580886095874, 88.85546025047937, 31.387134626699357, 107.7905942886202, 34.66594654111203, 52.666390406818174, 27.547127789523923, 90.22005849733387, 59.937976243547844, 63.44888765543132, 41.38005234446089, 49.57071479688294, 48.62702467666757, 81.41722797162937, 33.75172869100192, 58.88148067800219, 60.99510057060444, 42.263362461730004, 26.301427931294945, 118.8726504679294, 81.04705687278468, 75.17216770289457, 50.65771174978444, 85.99061582908904, 80.77767366791085, 93.10168533941943, 35.354879374396276, 62.555480454308615, 95.06636397797011, 62.68291866947014, 55.05790956142185, 70.76460570033898, 102.73206861011319, 55.90939536974974, 135.99407659641653, 92.92913192745645, 89.11819325357132, 106.58217427939887, 54.27073225406251, 42.82050177803667, 112.57868319037034, 52.80102521810626, 115.72610637646788, 67.01006341702112, 84.31195821559075, 58.02833367804135, 31.02715270394976, 59.574847982742156, 85.01795563883806, 76.75923202456515, 36.457136376034036, 58.850720662122534, 119.47751722217897, 48.93377751061749, 46.74527839577555, 71.36090301633868, 71.1441236209181, 74.47790360512099, 56.6867347336468, 53.99573603915009, 66.51636322808521, 80.01487469462487, 76.89913067440047, 129.6089373951057, 69.16241245197179, 111.68992052805316, 96.75631184430613, 55.16656160911856, 73.1613556329569, 72.1126344998116, 56.15995938965565, 47.842331875061035, 43.675438385535685, 48.357233478227194, 51.863797693872264, 74.951014032218, 213.35389657277688, 33.042510346123386]","[1000, 1000, 1000, 1000, 1000, 1000, 1000, 1000, 1000, 1000, 1000, 1000, 1000, 1000, 1000, 1000, 1000, 1000, 1000, 1000, 1000, 1000, 1000, 1000, 1000, 1000, 1000, 1000, 1000, 1000, 1000, 1000, 1000, 1000, 1000, 1000, 1000, 1000, 1000, 1000, 1000, 1000, 1000, 1000, 1000, 1000, 1000, 1000, 1000, 1000, 1000, 1000, 1000, 1000, 1000, 1000, 1000, 1000, 1000, 1000, 1000, 1000, 1000, 1000, 1000, 1000, 1000, 1000, 1000, 1000, 1000, 1000, 1000, 1000, 1000, 1000, 1000, 1000, 1000, 1000, 1000, 1000, 1000, 1000, 1000, 1000, 1000, 1000, 1000, 1000, 1000, 1000, 1000, 1000, 1000, 1000, 1000, 1000, 1000, 1000]",0.15448516348386854,0.7700932189515265,0.03196215603915553,0.6750774339949025,0.0,2106.586,4557.137,2628.113,3652.811,1.657,566400,566400,21.957142857142856,70.8,0.0,3.375,0.0006692369891822996,2.6346731646855672,-0.019822687817116578,2.6123526827494303,0.9595266,0.012486858206490675,-4.696011149088542,0.0
213.35389657277688,26.301427931294945,68.80032374890982,1000.0,8,8,576000,False,560,60,ad06e7185bcb4af590941567e34aaccc,2021-04-09_12-46-45,1617997605,4.704842805862427,313.16041898727417,12989,4650286b7eb1,172.17.0.2,99.41343712806702,0,21,120bf_00000,nan,nan,nan,28.0496656115263,13.731745846484243,50.87523199966436,"[68.72169841069226, 56.76729599919114, 68.64795866902966, 42.514063065345134, 39.613563365931505, 59.173798580589136, 95.25749985018368, 108.74529211863366, 31.387134626699357, 107.7905942886202, 34.66594654111203, 52.666390406818174, 27.547127789523923, 90.22005849733387, 59.937976243547844, 63.44888765543132, 41.38005234446089, 49.57071479688294, 48.62702467666757, 81.41722797162937, 33.75172869100192, 58.88148067800219, 60.99510057060444, 42.263362461730004, 26.301427931294945, 118.8726504679294, 81.04705687278468, 75.17216770289457, 50.65771174978444, 85.99061582908904, 80.77767366791085, 93.10168533941943, 35.354879374396276, 62.555480454308615, 95.06636397797011, 62.68291866947014, 55.05790956142185, 70.76460570033898, 102.73206861011319, 55.90939536974974, 135.99407659641653, 92.92913192745645, 89.11819325357132, 106.58217427939887, 54.27073225406251, 42.82050177803667, 112.57868319037034, 52.80102521810626, 115.72610637646788, 67.01006341702112, 84.31195821559075, 58.02833367804135, 31.02715270394976, 59.574847982742156, 85.01795563883806, 76.75923202456515, 36.457136376034036, 58.850720662122534, 119.47751722217897, 48.93377751061749, 46.74527839577555, 71.36090301633868, 71.1441236209181, 74.47790360512099, 56.6867347336468, 53.99573603915009, 66.51636322808521, 80.01487469462487, 76.89913067440047, 129.6089373951057, 69.16241245197179, 111.68992052805316, 96.75631184430613, 55.16656160911856, 73.1613556329569, 72.1126344998116, 56.15995938965565, 47.842331875061035, 43.675438385535685, 48.357233478227194, 51.863797693872264, 74.951014032218, 213.35389657277688, 33.042510346123386, 126.05320184746012, 81.16365776576451, 57.36467069560728, 44.58883836430023, 44.93906745309824, 27.997958410316897, 72.06217081109833, 52.36455106687108, 56.247086071862135, 75.62317471170196, 32.2960441596518, 44.25258270161708, 96.34716832933942, 64.34296464386935, 85.11245901289742, 40.22550521854581]","[1000, 1000, 1000, 1000, 1000, 1000, 1000, 1000, 1000, 1000, 1000, 1000, 1000, 1000, 1000, 1000, 1000, 1000, 1000, 1000, 1000, 1000, 1000, 1000, 1000, 1000, 1000, 1000, 1000, 1000, 1000, 1000, 1000, 1000, 1000, 1000, 1000, 1000, 1000, 1000, 1000, 1000, 1000, 1000, 1000, 1000, 1000, 1000, 1000, 1000, 1000, 1000, 1000, 1000, 1000, 1000, 1000, 1000, 1000, 1000, 1000, 1000, 1000, 1000, 1000, 1000, 1000, 1000, 1000, 1000, 1000, 1000, 1000, 1000, 1000, 1000, 1000, 1000, 1000, 1000, 1000, 1000, 1000, 1000, 1000, 1000, 1000, 1000, 1000, 1000, 1000, 1000, 1000, 1000, 1000, 1000, 1000, 1000, 1000, 1000]",0.15456518541713304,0.7695339706461006,0.0319548401821819,0.6749386020240002,0.0,2102.336,4566.349,2630.551,3649.425,1.635,576000,576000,21.62857142857143,70.8,0.0,3.375,0.0006692369891822996,1.0367523380120596,-0.025127961269269385,1.0327815004189809,0.97870207,0.008621865964184204,-4.56972562789917,0.0
213.35389657277688,26.301427931294945,71.77787635963443,1000.0,8,8,585600,True,568,61,ad06e7185bcb4af590941567e34aaccc,2021-04-09_12-46-49,1617997609,4.675523519515991,317.83594250679016,12989,4650286b7eb1,172.17.0.2,104.08896064758301,0,22,120bf_00000,nan,nan,nan,27.911040203674638,13.63698196490861,47.53449590486326,"[91.39962212583518, 75.28326665812153, 79.8436972688362, 64.74241366469732, 78.93913668330596, 102.90322918554895, 136.10256164905067, 136.2054498861511, 41.38005234446089, 49.57071479688294, 48.62702467666757, 81.41722797162937, 33.75172869100192, 58.88148067800219, 60.99510057060444, 42.263362461730004, 26.301427931294945, 118.8726504679294, 81.04705687278468, 75.17216770289457, 50.65771174978444, 85.99061582908904, 80.77767366791085, 93.10168533941943, 35.354879374396276, 62.555480454308615, 95.06636397797011, 62.68291866947014, 55.05790956142185, 70.76460570033898, 102.73206861011319, 55.90939536974974, 135.99407659641653, 92.92913192745645, 89.11819325357132, 106.58217427939887, 54.27073225406251, 42.82050177803667, 112.57868319037034, 52.80102521810626, 115.72610637646788, 67.01006341702112, 84.31195821559075, 58.02833367804135, 31.02715270394976, 59.574847982742156, 85.01795563883806, 76.75923202456515, 36.457136376034036, 58.850720662122534, 119.47751722217897, 48.93377751061749, 46.74527839577555, 71.36090301633868, 71.1441236209181, 74.47790360512099, 56.6867347336468, 53.99573603915009, 66.51636322808521, 80.01487469462487, 76.89913067440047, 129.6089373951057, 69.16241245197179, 111.68992052805316, 96.75631184430613, 55.16656160911856, 73.1613556329569, 72.1126344998116, 56.15995938965565, 47.842331875061035, 43.675438385535685, 48.357233478227194, 51.863797693872264, 74.951014032218, 213.35389657277688, 33.042510346123386, 126.05320184746012, 81.16365776576451, 57.36467069560728, 44.58883836430023, 44.93906745309824, 27.997958410316897, 72.06217081109833, 52.36455106687108, 56.247086071862135, 75.62317471170196, 32.2960441596518, 44.25258270161708, 96.34716832933942, 64.34296464386935, 85.11245901289742, 40.22550521854581, 68.72169841069226, 56.76729599919114, 68.64795866902966, 42.514063065345134, 39.613563365931505, 59.173798580589136, 95.25749985018368, 108.74529211863366]","[1000, 1000, 1000, 1000, 1000, 1000, 1000, 1000, 1000, 1000, 1000, 1000, 1000, 1000, 1000, 1000, 1000, 1000, 1000, 1000, 1000, 1000, 1000, 1000, 1000, 1000, 1000, 1000, 1000, 1000, 1000, 1000, 1000, 1000, 1000, 1000, 1000, 1000, 1000, 1000, 1000, 1000, 1000, 1000, 1000, 1000, 1000, 1000, 1000, 1000, 1000, 1000, 1000, 1000, 1000, 1000, 1000, 1000, 1000, 1000, 1000, 1000, 1000, 1000, 1000, 1000, 1000, 1000, 1000, 1000, 1000, 1000, 1000, 1000, 1000, 1000, 1000, 1000, 1000, 1000, 1000, 1000, 1000, 1000, 1000, 1000, 1000, 1000, 1000, 1000, 1000, 1000, 1000, 1000, 1000, 1000, 1000, 1000, 1000, 1000]",0.15467033687339415,0.7691297428502294,0.03195516802708822,0.6748049829962764,0.0,2096.206,4579.702,2642.273,3633.235,1.644,585600,585600,21.400000000000006,70.87142857142855,0.0,3.375,0.0006692369891822996,1.8815387845039369,-0.022073240565756956,1.8647919217745463,0.9673377,0.011502250985552867,-4.585433603922526,0.0
